num_crit,dur.,dir_fb_lk,act3_fblik,act1_fblik,gross,movie_title,nmvot_user,cast_fblik,face_poster,num_usrrev,budget,year,act2_fblik,target_variable,asp_rat,mov_fblik
163,112,52,688,10000,2445646,Kill the Messenger ,32382,12897,1,99,5000000,2014,963,2,2.35,13000
145,139,55,266,382,102300000,Mary Poppins ,107408,2045,2,259,6000000,1964,279,2,1.66,0
10,0,0,502,1000,0,War & Peace             ,9277,4528,1,44,0,0,888,2,16,11000
164,145,0,392,973,0,Once Upon a Time in the West ,216005,2589,1,565,5000000,1968,423,2,2.35,10000
39,87,2,99,592,0,Don McKay ,2050,1227,1,17,0,2009,521,1,1.85,275
271,94,293,939,18000,32416109,The Men Who Stare at Goats ,109620,32474,0,268,25000000,2009,12000,1,2.35,15000
162,63,15,69,759,26687172,Winnie the Pooh ,15600,1002,0,55,30000000,2011,73,2,1.85,0
14,60,0,575,1000,0,The Missing             ,8739,3537,0,28,0,0,773,2,0,0
72,96,30,407,761,7292175,Outside Providence ,7736,2018,3,100,7000000,1999,412,1,1.85,0
256,101,0,574,40000,26505000,A Nightmare on Elm Street ,149285,42918,1,668,1800000,1984,852,2,1.85,10000
248,107,99,452,17000,16025394,Adventureland ,131180,18983,6,220,0,2009,985,1,1.85,0
62,104,23,591,752,6712451,Town & Country ,4102,3133,0,89,90000000,2001,631,0,1.85,53
173,106,285,105,8000,100468793,Step Brothers ,212499,11264,2,277,65000000,2008,3000,1,2.35,0
29,97,420,585,695,41067398,Money Talks ,22748,2530,2,41,25000000,1997,635,1,2.35,666
295,122,446,600,23000,53574088,3:10 to Yuma ,237872,33548,1,560,55000000,2007,8000,2,2.35,0
274,96,0,1000,20000,10139254,The Fountain ,190990,24640,0,915,35000000,2006,1000,2,1.85,23000
23,95,2,807,927,4006906,King's Ransom ,3229,4990,7,20,15000000,2005,912,0,1.85,83
369,100,128,78,596,56114221,Fantastic Four ,110486,1261,3,695,120000000,2015,360,0,2.35,41000
135,105,125,2000,18000,13101142,Playing for Keeps ,23916,23122,5,50,35000000,2012,2000,1,2.35,0
64,127,73,433,11000,23209440,One True Thing ,9283,12785,3,112,30000000,1998,882,2,1.85,592
256,95,9,428,584,131175,Maggie ,30219,1885,2,200,8500000,2015,430,1,2.35,22000
44,82,6,345,759,36696761,Recess: School's Out ,6808,2197,0,38,23000000,2001,563,1,1.85,227
415,97,0,372,18000,5009677,Moon ,260607,19404,0,485,5000000,2009,572,2,2.35,47000
20,139,133,5,423,2474000,Jefferson in Paris ,2427,446,1,27,14000000,1995,15,1,1.85,127
45,68,0,253,304,18081626,Pooh's Heffalump Movie ,4180,861,0,32,20000000,2005,286,1,1.85,264
61,124,212,810,1000,11000000,Cutthroat Island ,21102,3611,3,169,98000000,1995,903,1,2.35,1000
82,87,0,591,2000,6291602,What Planet Are You From? ,8070,3954,0,91,50000000,2000,602,1,1.85,255
185,93,4,4,533,26583369,The Forest ,20837,578,1,127,10000000,2016,35,0,1.85,10000
231,135,162,228,23000,4001121,I'm Not There. ,48346,36398,0,230,20000000,2007,13000,2,2.35,0
149,91,357,326,3000,35385560,The Boy Next Door ,27198,4807,1,131,4000000,2015,465,0,2.35,8000
74,82,7,664,1000,13350177,The Haunting of Molly Hartley ,7904,4856,5,113,5000000,2008,984,0,1.85,562
75,118,176,308,18000,66488090,The Bone Collector ,120202,29748,2,397,48000000,1999,11000,1,2.35,0
75,106,36,345,953,12589108,Under the Same Moon ,5526,2198,1,58,0,2007,399,2,1.85,0
253,146,0,413,888,0,The Shining ,610333,2560,0,1320,19000000,1980,629,2,1.37,37000
74,92,83,48,469,0,Niagara ,11047,683,0,116,1250000,1953,79,2,1.37,1000
274,113,22000,379,716,25530884,Memento ,845580,1997,0,2067,9000000,2000,651,2,2.35,40000
153,102,22,816,1000,38087366,Harold & Kumar Escape from Guantanamo Bay ,113918,4065,2,165,12000000,2008,954,1,1.85,0
357,134,0,11000,15000,83025853,Brokeback Mountain ,259837,39789,0,2254,14000000,2005,13000,2,1.85,13000
16,107,8,39,106,700000,Les visiteurs ,24438,215,1,78,50000000,1993,54,2,2.35,0
171,90,100,9,830,1573712,Your Sister's Sister ,21618,973,2,62,125000,2011,128,1,0,3000
400,144,258,834,6000,167007184,Casino Royale ,470483,9125,1,2301,150000000,2006,1000,2,2.35,0
217,118,76,174,3000,10880926,Dead Man Down ,54147,4253,2,127,30000000,2013,678,1,2.35,0
18,97,49,687,878,0,Stargate: The Ark of Truth ,15862,4334,5,42,0,2008,847,2,1.78,389
451,108,13000,11000,40000,334185206,Alice in Wonderland ,306336,79957,0,736,200000000,2010,25000,1,1.85,24000
84,98,21,76,33000,406035,The Believer ,30314,33441,0,159,1500000,2001,243,2,1.66,0
69,123,204,9,436,0,Intolerance: Love's Struggle Throughout the Ages ,10718,481,1,88,385907,1916,22,2,1.33,691
112,105,2,69,805,63260,Renaissance ,14325,1185,0,90,14000000,2006,306,1,2.35,0
142,102,148,135,8000,93607673,America's Sweethearts ,47573,9176,4,343,48000000,2001,973,1,2.35,881
117,133,46,275,683,34667015,Licence to Kill ,74009,2371,0,317,32000000,1989,349,1,2.35,0
91,126,393,281,862,0,Red River ,21316,2269,0,162,3000000,1948,376,2,1.37,0
99,89,0,107,217,52287414,Stand by Me ,271794,644,2,584,8000000,1986,107,2,1.85,24000
459,85,198,387,2000,80034302,Cloverfield ,296787,3958,0,2192,25000000,2008,1000,2,1.85,0
160,184,34,155,486,476270,The Baader Meinhof Complex ,29602,1601,2,110,20000000,2008,471,2,1.85,0
233,112,21000,237,17000,95308367,Panic Room ,206104,18141,0,850,48000000,2002,324,1,2.35,0
198,124,845,295,650,46975183,Shooter ,256213,1640,0,338,61000000,2007,467,2,2.35,0
152,90,0,826,4000,4859475,The Virgin Suicides ,116910,7103,0,520,6000000,1999,899,2,1.85,0
106,106,208,855,3000,11146409,Deep Rising ,26551,6558,0,273,45000000,1998,1000,1,2.35,0
41,80,9,826,17000,3101301,Supercross ,3926,21519,1,38,0,2005,2000,0,1.85,353
28,135,22,45,837,1877179,The Horseman on the Roof ,4885,1508,1,25,0,1995,541,2,2.35,262
181,107,162,135,2000,15854988,Far from Heaven ,36542,2447,2,378,13500000,2002,258,2,1.85,0
205,118,252,30,529,19673424,Nine ,37446,619,4,232,80000000,2009,48,1,2.35,0
283,133,219,701,15000,727883,Donnie Darko ,580999,17040,1,2110,4500000,2001,933,2,2.35,33000
334,104,420,560,20000,234360014,X-Men: The Last Stand ,383427,21714,0,1912,210000000,2006,808,1,2.35,0
158,96,31,328,804,3590010,We Are Your Friends ,20885,3013,0,60,2000000,2015,625,1,1.85,0
38,11,0,0,11,0,Robot Chicken             ,32923,11,0,75,0,0,0,2,1.33,1000
358,106,44,133,596,18298649,Fright Night ,85024,1393,1,242,30000000,2011,343,1,1.85,23000
37,97,18000,977,10000,326308,Albino Alligator ,6632,13718,3,69,5000000,1996,1000,1,2.35,225
20,45,0,260,460,0,Scream: The TV Series             ,18058,2380,0,68,0,0,292,2,16,0
287,110,0,1000,3000,58885635,Dawn of the Dead ,194422,10438,0,1057,26000000,2004,2000,2,2.35,7000
128,108,11000,922,11000,3203044,Anything Else ,25165,14843,2,155,18000000,2003,944,1,2.35,827
145,106,14,0,2,17473245,Red Planet ,47612,2,1,348,70000000,2000,0,1,2.35,995
97,109,24,167,287,28995450,Nanny McPhee Returns ,19230,855,5,59,35000000,2010,175,1,2.35,0
142,121,38,745,940,83892374,The X Files ,85720,4230,0,297,66000000,1998,826,2,2.35,0
265,102,82,537,622,34350553,The Watch ,104066,2488,4,207,68000000,2012,591,1,2.35,15000
220,119,0,593,908,33386128,Halloween II ,36372,3226,0,491,15000000,2009,764,0,1.85,3000
309,101,25,423,17000,18656400,Still Alice ,86077,19673,1,195,5000000,2014,2000,2,1.85,45000
16,90,0,36,57,0,Bang Bang Baby ,137,231,2,16,1000000,2014,40,1,0,48
19,84,0,182,11000,27979400,Loaded Weapon 1 ,37611,12322,2,72,8200000,1993,852,1,1.85,0
359,106,174,660,14000,91439400,Non-Stop ,200647,16967,0,384,50000000,2014,664,2,2.35,24000
235,91,49,20,72,36200000,Friday the 13th Part III ,31952,174,0,372,4000000,1982,31,1,2.35,0
27,102,909,119,909,0,Slacker Uprising ,2242,1674,0,15,2000000,2007,562,1,0,69
182,114,0,446,975,3519627,The Brothers Bloom ,41737,3014,4,105,20000000,2008,877,1,2.35,0
474,126,230,2000,24000,89732035,Terminator Genisys ,188457,38873,2,867,155000000,2015,10000,1,2.35,82000
253,113,395,77,8000,40137776,Stranger Than Fiction ,186977,8362,1,529,38000000,2006,189,2,1.85,13000
115,116,13,140,203,1050445,Joyeux Noel ,21394,773,0,147,22000000,2005,172,2,2.35,11000
63,96,19,71,1000,115862,The Greatest ,7394,2163,2,50,6000000,2009,943,1,2.35,0
81,110,107,45,576,136007,Clean ,3924,776,1,39,4500,2004,133,1,2.35,171
12,105,0,0,0,247740,Sex with Strangers ,285,0,0,8,0,2002,0,0,1.33,51
19,87,65,686,866,0,Dead Like Me: Life After Death ,10734,3724,1,80,5000000,2009,738,1,1.78,887
149,122,287,135,22000,41609593,Ronin ,145422,24270,2,572,55000000,1998,2000,2,2.35,0
81,98,11,107,966,50189179,The Tuxedo ,61966,2018,2,207,60000000,2002,680,1,1.85,797
103,103,835,0,13000,236266,Gerry ,15104,13000,0,290,3500000,2002,0,1,2.35,0
222,114,89,177,836,60923325,Get Him to the Greek ,147317,2091,2,197,0,2010,719,1,1.85,12000
308,92,72,568,623,19059018,"I, Frankenstein ",65709,3165,0,194,65000000,2014,593,1,2.35,15000
169,105,54,988,3000,51853450,The Odd Life of Timothy Green ,37398,9069,0,110,25000000,2012,2000,1,1.85,11000
117,131,53,548,14000,3752725,The Merchant of Venice ,29715,16252,3,161,18000000,2004,871,2,2.35,0
39,98,226,496,953,68856263,Cool Runnings ,69733,2496,1,97,15000000,1993,730,1,1.85,0
188,120,153,447,1000,24004159,Around the World in 80 Days ,68722,3175,0,191,110000000,2004,1000,1,2.35,0
63,83,12,690,2000,11631245,Zoom ,15015,5022,5,113,35000000,2006,826,0,1.85,494
51,85,0,209,945,265107,Psycho Beach Party ,4617,2282,1,93,1500000,2000,774,1,1.85,614
198,97,176,10000,12000,45089048,The Giver ,86251,36064,3,260,25000000,2014,11000,1,2.35,58000
78,94,383,753,4000,58297830,Anastasia ,86347,6017,1,191,50000000,1997,808,2,2.35,0
118,141,300,73,805,16123851,Vanity Fair ,17373,1618,2,148,23000000,2004,539,1,2.35,767
453,124,4000,4000,21000,312057433,Iron Man 2 ,522371,48638,4,723,200000000,2010,19000,2,2.35,18000
279,120,508,1000,21000,58700247,Water for Elephants ,95367,36062,1,260,38000000,2011,11000,1,2.35,33000
91,88,31,489,1000,65535067,Deuce Bigalow: Male Gigolo ,59380,2604,1,202,17000000,1999,489,1,1.85,0
21,87,3,83,922,0,Jekyll and Hyde... Together Again ,881,1324,0,32,5000000,1982,162,1,0,323
86,109,41,748,997,61356221,Stomp the Yard ,19505,3544,0,162,14000000,2007,826,1,2.35,0
29,103,249,261,2000,8691,Falcon Rising ,4952,3089,1,32,4500000,2014,298,1,0,0
304,96,0,58,634,0,The Evil Dead ,141219,813,0,740,375000,1981,66,2,1.37,12000
129,106,0,481,1000,86300000,Young Frankenstein ,112671,2703,0,315,2800000,1974,595,2,1.85,14000
38,44,0,816,1000,0,Psych             ,67315,4092,2,127,0,0,922,2,1.78,0
216,94,85,443,14000,50648679,Resident Evil: Extinction ,149549,16225,1,348,45000000,2007,706,1,2.35,0
46,114,6,633,970,3420871,The Ultimate Gift ,14100,3824,2,81,0,2006,906,2,1.85,0
132,103,61,520,963,0,Grace of Monaco ,12410,2806,3,62,30000000,2014,903,1,2.35,6000
29,95,4,152,641,7888703,Teen Wolf Too ,8465,1389,1,65,3000000,1987,168,0,1.85,491
19,103,6,664,4000,0,Veronika Decides to Die ,10100,6426,1,42,9000000,2009,931,1,2.35,3000
249,132,47,240,988,81687587,The Scorch Trials ,138246,2517,0,360,61000000,2015,960,1,2.35,24000
166,106,6,422,12000,32131830,Final Fantasy: The Spirits Within ,72259,15015,1,788,137000000,2001,2000,1,1.85,0
32,144,54,332,469,20400000,Duel in the Sun ,6304,2037,0,87,8000000,1946,436,1,1.37,403
73,124,41,197,512,8427204,Play It to the Bone ,10100,1523,0,59,24000000,1999,481,1,2.35,153
1,167,10,97,353,610991,Fiza ,2715,773,3,19,1000000,2000,186,1,2.35,92
84,97,15,874,18000,1029017,A Home at the End of the World ,12049,21107,2,135,6500000,2004,986,1,2.35,1000
37,127,16,399,565,35422828,Selena ,19126,1735,1,155,20000000,1997,441,1,2.35,0
73,99,13000,232,282,0,The Trouble with Harry ,24891,1041,0,150,1200000,1955,255,2,1.5,0
131,94,383,886,13000,22751979,Titan A.E. ,52244,15857,0,377,75000000,2000,1000,1,2.35,0
235,90,38,882,2000,72266306,Vantage Point ,127528,6775,4,422,40000000,2008,897,1,2.35,0
265,108,192,580,1000,41777564,The Hills Have Eyes ,129719,4500,0,855,15000000,2006,1000,1,2.35,0
38,108,14,274,1000,594904,Blue Like Jazz ,2582,1805,0,89,1200000,2012,330,1,1.85,0
112,110,99,835,12000,90636983,The Game Plan ,44021,15170,0,83,22000000,2007,941,1,2.35,0
95,106,12,595,962,17951431,The Glass House ,25462,4239,1,200,30000000,2001,844,1,2.35,804
23,90,2000,454,2000,0,Never Back Down 2: The Beatdown ,13599,3666,3,30,3000000,2011,606,1,1.85,6000
99,120,11,0,16,76400000,Fantasia ,71321,16,0,230,2280000,1940,0,2,1.37,3000
38,82,12,8,23,25571351,Jonah: A VeggieTales Movie ,3135,49,0,78,14000000,2002,12,1,1.85,184
33,91,0,298,636,21370057,Raising Cain ,9903,1852,0,80,12000000,1992,330,1,1.85,541
147,117,0,567,883,7458269,A Good Year ,70698,3611,1,196,35000000,2006,883,1,2.35,9000
78,87,0,302,696,0,Banshee Chapter ,6265,1618,1,56,950000,2013,371,1,0,2000
29,132,79,1000,14000,8600000,The Bounty ,17982,28094,2,95,25000000,1984,12000,2,2.35,1000
228,86,17,205,520,17683670,Apollo 18 ,47227,1520,0,323,5000000,2011,270,1,1.33,0
141,130,317,256,18000,19593740,The Life of David Gale ,88270,32637,0,420,50000000,2003,14000,2,2.35,0
288,122,909,282,503,119078393,Fahrenheit 9/11 ,113152,1448,0,1416,6000000,2004,328,2,1.85,0
72,105,631,327,678,103738726,Dick Tracy ,47819,2096,1,164,100000000,1990,631,1,1.85,2000
81,94,26,4000,16000,6241697,Dick ,16059,31005,2,210,13000000,1999,8000,1,1.85,0
1,112,0,11,86,0,Living Dark: The Story of Ted the Caver ,28,139,0,1,1750000,2013,42,1,1.85,73
62,124,0,535,2000,54800000,Ordinary People ,35130,5122,3,283,6000000,1980,553,2,1.85,0
95,112,37,480,3000,26494611,Blast from the Past ,48621,5709,0,239,35000000,1999,874,1,2.35,0
52,114,46,292,818,6543194,I Dreamed of Africa ,3740,1778,1,61,34000000,2000,649,1,2.35,314
341,130,22000,19000,23000,53082743,The Prestige ,844052,63986,1,1100,40000000,2006,20000,2,2.35,49000
388,131,0,383,10000,15700000,The Hurt Locker ,332065,11114,0,876,15000000,2008,602,2,1.85,16000
46,101,6,258,812,14108518,How to Deal ,8215,1882,1,95,16000000,2003,326,1,1.85,371
125,107,234,660,1000,6998324,Our Brand Is Crisis ,11476,3944,2,50,28000000,2015,962,1,1.85,0
56,89,149,580,912,6719300,Smoke Signals ,8224,3163,3,132,2000000,1998,752,2,1.85,0
12,94,0,136,722,69582,Stiff Upper Lips ,867,1477,2,21,0,1998,338,1,1.85,109
156,139,274,285,625,147637474,As Good as It Gets ,224671,1474,0,470,50000000,1997,440,2,1.85,11000
81,138,0,574,10000,141340178,A Few Good Men ,181879,14619,0,319,40000000,1992,2000,2,2.35,0
298,163,14000,412,745,47379090,Munich ,176936,2529,0,824,70000000,2005,486,2,2.35,0
44,120,108,400,634,1055654,Peaceful Warrior ,20426,2673,1,175,10000000,2006,436,2,2.35,0
67,84,64,748,2000,11860839,Glee: The 3D Concert Movie ,5156,4617,0,21,9000000,2011,892,1,1.85,0
54,88,11,415,1000,828,Perrier's Bounty ,5133,2728,8,31,0,2009,418,1,2.35,663
23,52,0,114,164,0,The Returned             ,15762,654,9,47,0,0,116,2,16,17000
253,105,154,501,884,80050171,Disturbia ,186984,2287,0,491,20000000,2007,617,1,1.85,0
83,104,18,741,1000,10106233,Prom ,12702,5190,0,32,8000000,2011,962,1,1.85,0
287,115,549,911,3000,54557348,Crash ,361169,5732,0,1624,6500000,2004,912,2,2.35,18000
151,124,44,367,4000,36447959,Million Dollar Arm ,35833,6393,0,96,25000000,2014,774,2,2.39,10000
96,91,6,10,488,0,The Toxic Avenger ,19253,553,0,147,475000,1984,11,1,1.85,0
64,99,71,584,2000,16930185,Serving Sara ,14315,4169,2,101,29000000,2002,719,1,1.85,201
10,82,7,27,584,7557877,The Jerky Boys ,2129,1002,0,37,0,1995,246,0,1.85,138
283,115,663,55,1000,261437578,The Incredibles ,479166,1901,0,815,92000000,2004,723,2,2.35,0
81,95,4000,334,4000,5308707,Made ,15053,5245,2,165,5000000,2001,585,1,1.85,393
112,93,11,271,443,48430,The Perfect Host ,20176,1452,1,73,500000,2010,298,1,1.85,0
113,104,63,7,67,19406406,Oceans ,7630,152,0,42,40000000,2009,63,2,2.35,0
335,129,0,385,12000,49874933,Pain & Gain ,161168,13573,4,287,26000000,2013,412,1,2.35,43000
50,121,55,918,1000,2221994,Smilla's Sense of Snow ,11747,3125,1,99,35000000,1997,1000,1,2.35,561
14,105,7,548,2000,609042,The Basket ,449,3475,2,38,1300000,1999,783,1,1.85,117
154,107,503,108,264,0,The Omen ,80958,673,2,310,2800000,1976,139,2,2.35,7000
101,118,160,426,862,0,From Here to Eternity ,33987,2247,5,150,1650000,1953,488,2,1.37,0
18,90,4,218,919,13493,Broken Vessels ,531,2288,0,19,600000,1998,711,1,1.85,51
140,106,448,648,9000,54734,Regression ,20821,10982,1,62,0,2015,750,1,2.35,0
147,93,37,545,885,40846082,House on Haunted Hill ,45317,2872,0,536,19000000,1999,828,1,1.37,0
117,147,179,646,40000,41954997,Donnie Brasco ,225122,56014,2,234,35000000,1997,14000,2,2.35,0
196,116,51,465,18000,54414716,Horrible Bosses 2 ,114294,30571,7,187,42000000,2014,11000,1,2.35,12000
124,88,108,135,876,2975649,Miss Potter ,23864,1518,1,142,30000000,2006,142,2,2.35,0
230,111,0,727,796,13034417,Whip It ,55665,2633,1,118,15000000,2009,787,1,2.35,10000
180,101,21,317,22000,51097664,Hide and Seek ,70205,23328,0,450,30000000,2005,812,1,2.35,0
193,92,43,172,904,3094687,Celeste & Jesse Forever ,24391,1751,2,61,0,2012,517,1,2.35,0
5,86,12,117,238,33598,"I Love You, Don't Touch Me! ",405,623,1,15,0,1997,166,1,0,97
261,109,0,597,1000,16901126,The Devil's Rejects ,76267,3544,0,687,7000000,2005,649,1,1.85,0
14,90,7,424,890,92362,The Salon ,444,3138,7,5,1500000,2005,597,0,1.85,68
20,102,0,46,473,13220,Supercapitalist ,289,892,0,9,0,2012,303,0,0,115
238,95,243,725,969,100659,The House of the Devil ,30160,3833,0,193,900000,2009,962,1,1.85,0
166,98,99,433,12000,67128202,Race to Witch Mountain ,43328,14007,3,110,65000000,2009,536,1,2.35,0
147,95,425,560,973,22526144,My Super Ex-Girlfriend ,53884,2737,1,203,30000000,2006,776,1,2.35,1000
2,87,0,347,584,0,The Californians ,299,1924,3,11,0,2005,507,0,1.85,29
323,119,0,10000,29000,22877808,Revolutionary Road ,152591,53895,0,414,35000000,2008,14000,2,2.35,0
21,117,71,42,433,0,Sheena ,3334,611,1,52,25000000,1984,54,0,2.35,739
11,90,15,120,900,0,Against the Wild ,840,1724,3,9,2000000,2013,450,0,0,326
119,93,19,619,15000,3749061,The Cold Light of Day ,28629,30134,3,113,20000000,2012,13000,0,2.35,0
195,97,197,570,13000,122288,Centurion ,64777,15293,0,201,0,2010,794,1,2.35,0
135,94,607,215,933,34238611,The Hunted ,35830,2248,1,321,55000000,2003,518,1,1.85,0
63,95,21,842,1000,76657000,The Muppet Movie ,25498,5673,0,92,0,1979,985,2,1.85,0
93,118,49,155,11000,16252765,Original Sin ,44913,11662,1,181,42000000,2001,216,1,2.35,3000
242,122,0,54,326,33201661,Amélie ,534262,809,0,1314,77000000,2001,326,2,2.35,39000
168,97,11,887,14000,71500556,Bridget Jones's Diary ,171568,16999,3,571,26000000,2001,1000,1,2.35,0
77,86,90,635,962,9402410,Fun Size ,11233,3715,1,32,14000000,2012,925,1,2.35,0
116,90,34,506,966,4360548,Solitary Man ,13371,2661,7,60,15000000,2009,681,1,1.85,0
252,137,179,4000,17000,717753,On the Road ,33107,33747,4,128,25000000,2012,10000,1,2.35,27000
1,66,0,0,0,0,UnDivided ,6,0,2,1,250000,2013,0,2,0,53
22,143,688,42,638,5000000,Darling Lili ,1547,788,2,50,25000000,1970,50,1,2.35,104
335,123,0,6,23000,10137502,The Walk ,77394,23031,0,195,35000000,2015,22,2,2.35,24000
88,101,503,1000,13000,60328558,Scrooged ,61396,18734,1,159,32000000,1988,1000,2,1.85,11000
100,84,0,158,634,173066,My Name Is Bruce ,21379,1238,1,88,1500000,2007,328,1,1.85,0
159,97,70,625,2000,86049418,Mean Girls ,245989,5032,4,554,17000000,2004,1000,2,1.85,0
63,107,0,159,29000,18636537,The Quick and the Dead ,69197,29743,0,216,32000000,1995,165,1,1.85,0
161,106,34,466,3000,17281832,Inkheart ,60232,5329,3,110,60000000,2008,1000,1,2.35,0
241,114,29,616,956,32721635,The Last House on the Left ,67822,3861,0,279,15000000,2009,878,1,1.85,0
76,90,138,263,373,4542775,Miss March ,18313,1831,2,73,6000000,2009,308,1,1.85,985
47,99,8,78,798,104257,Human Traffic ,19194,1430,2,160,2200000,1999,472,2,1.85,0
64,135,133,258,898,1666262,The White Countess ,5321,2096,0,78,16000000,2005,708,1,1.66,356
355,116,473,464,833,83552429,Battle Los Angeles ,154955,4001,0,800,70000000,2011,697,1,2.35,25000
292,144,0,16,63,2222647,The White Ribbon ,52958,167,0,193,12000000,2009,43,2,1.85,0
216,118,473,963,18000,73343413,Law Abiding Citizen ,217480,22517,0,429,50000000,2009,1000,2,2.35,21000
27,122,0,292,12000,41252428,The Mirror Has Two Faces ,11453,13716,0,71,42000000,1996,592,1,1.85,0
168,105,31,110,390,30659817,Delivery Man ,59805,1006,10,95,26000000,2013,311,1,2.35,0
41,78,0,786,971,76501438,Rugrats in Paris: The Movie ,8146,4527,0,49,30000000,2000,844,1,1.85,181
108,90,29,650,22000,87856565,Along Came Polly ,106909,24534,1,268,42000000,2004,923,1,1.85,0
21,97,2,217,4000,0,Virgin Territory ,6691,4900,2,28,38000000,2007,476,0,1.85,366
233,95,96,8000,24000,148337537,Megamind ,172754,46120,3,187,130000000,2010,11000,2,2.35,13000
138,113,36,232,537,87704396,Entrapment ,88132,1302,1,274,66000000,1999,427,1,2.35,0
12,99,0,361,578,830210,Atlas Shrugged: Who Is John Galt? ,1900,3382,0,56,5000000,2014,435,0,0,0
95,125,44,420,593,60000000,Superman III ,49934,2329,1,224,39000000,1983,542,0,2.35,0
193,131,226,341,12000,173005002,National Treasure ,255447,13679,0,692,100000000,2004,625,1,2.35,0
82,96,70,163,883,4170647,East Is East ,14548,1616,0,161,1900000,1999,183,1,1.85,1000
167,101,10,472,1000,11956207,Sorority Row ,24012,3142,2,126,16000000,2009,668,1,2.35,0
91,148,72,99,582,39251128,Anna and the King ,31080,804,2,217,75000000,1999,103,1,2.35,0
117,86,10,348,12000,45860039,Walking Tall ,53118,14146,1,221,56000000,2004,795,1,2.35,0
125,100,41,970,45000,39989008,I Still Know What You Did Last Summer ,55398,49847,2,418,24000000,1998,1000,0,2.35,891
36,119,0,54,816,836641,Illuminata ,1402,1585,0,40,0,1998,623,1,1.85,74
100,102,346,488,947,23106,Dear Wendy ,9003,2572,0,58,50000000,2004,526,1,1.66,532
116,103,84,664,12000,37035515,28 Days ,34597,23864,1,194,43000000,2000,10000,1,1.37,0
262,129,195,50,827,20167424,The Secret in Their Eyes ,131831,1044,0,231,2000000,2009,88,2,2.35,33000
33,77,0,260,846,0,Containment ,1355,2044,0,21,0,2015,366,0,0,275
8,81,0,5,119,18195,The Sticky Fingers of Time ,336,154,0,7,250000,1997,24,1,1.85,67
181,120,0,102,105,25000000,Some Like It Hot ,175196,527,2,350,2883848,1959,103,2,1.66,10000
93,104,109,202,405,7739049,Being Julia ,10680,847,2,112,18000000,2004,204,2,1.85,562
32,99,387,399,8000,127144,The Wendell Baker Story ,5159,9608,4,27,8000000,2005,489,1,2.35,143
45,83,119,633,885,7001720,An American Carol ,8560,2907,2,205,12000000,2008,816,0,2.35,797
8,105,5,73,590,0,Speedway Junky ,1434,1042,2,43,1000000,1999,231,1,0,27
645,182,0,773,5000,303001229,The Hobbit: An Unexpected Journey ,637246,9152,0,1367,180000000,2012,972,2,2.35,166000
313,105,0,288,539,50549107,Jack Ryan: Shadow Recruit ,99035,1411,3,289,60000000,2014,394,1,2.35,17000
153,88,92,636,31000,32014289,Scary Movie 5 ,50337,34319,8,177,20000000,2013,881,0,1.85,13000
9,101,326,6,326,0,Animal Kingdom: Let's go Ape ,590,488,0,5,0,2015,152,0,0,161
218,98,15000,392,15000,35565975,Larry Crowne ,49205,16827,0,184,30000000,2011,839,1,2.35,0
136,97,31,562,2000,6923891,Take Me Home Tonight ,43867,5519,4,83,23000000,2011,2000,1,2.35,0
16,100,12,6,245,982214,Slam ,1976,295,0,51,1000000,1998,38,2,1.85,603
44,105,0,394,745,37440,Rudderless ,12672,1986,1,60,5000000,2014,508,2,0,0
181,81,670,34,486,7267324,Run Lola Run ,161471,623,1,709,3500000,1998,37,2,1.85,0
162,98,24,67,381,14400000,Halloween III: Season of the Witch ,28589,684,0,532,2500000,1982,128,0,2.35,0
12,91,10,293,924,0,Straight A's ,3605,2654,3,20,2000000,2013,472,1,0,0
166,129,468,183,919,37567440,Conan the Barbarian ,113068,2024,0,337,20000000,1982,691,1,2.35,0
1,68,2,75,142,0,Open Secret ,67,354,3,9,0,1948,86,2,1.37,10
156,94,52,261,567,59573085,My Big Fat Greek Wedding 2 ,13562,2259,10,103,18000000,2016,312,1,2.35,19000
237,123,610,653,10000,215397307,Mission: Impossible II ,242188,11930,0,1426,125000000,2000,794,1,2.35,0
169,80,10,34,11000,77413017,March of the Penguins ,45984,11218,0,331,8000000,2005,108,2,1.85,0
20,145,278,279,13000,0,F.I.S.T. ,5561,14735,2,35,11000000,1978,595,1,1.85,745
39,85,2,127,911,11827301,Breakin' All the Rules ,4247,1345,1,26,0,2004,150,1,2.35,266
12,93,10,34,397,0,Goddess of Love ,522,546,0,5,0,2015,77,1,2.35,84
225,109,187,204,818,214966,The Killer Inside Me ,28483,1813,0,176,13000000,2010,467,1,2.35,0
78,96,38,85,363,198407,Sherrybaby ,10282,774,1,78,2000000,2006,223,1,1.85,474
194,94,116,481,645,213079163,Austin Powers in Goldmember ,162909,2725,2,795,63000000,2002,522,1,2.35,0
99,80,2,186,6000,71442,Ernest & Celestine ,12029,6829,0,32,9600000,2012,637,2,1.85,0
150,124,78,4,6,439162,Akira ,106160,28,0,430,1100000000,1988,5,2,1.85,0
141,107,15,602,17000,50461335,If I Stay ,83893,20466,3,132,11000000,2014,1000,1,2.35,15000
355,111,214,3000,10000,56692,The Road ,177401,23566,2,504,25000000,2009,9000,2,2.35,32000
163,91,77,208,1000,128200012,Robots ,103022,1804,1,269,75000000,2005,311,1,1.85,0
177,87,750,41,745,9003011,Mad Max 2: The Road Warrior ,133966,1396,0,294,2000000,1981,531,2,2.35,0
37,85,12,23,354,12701880,The Pirates Who Don't Do Anything: A VeggieTales Movie ,2037,568,0,22,15000000,2008,173,1,1.85,175
239,111,39,461,16000,35754555,Trouble with the Curve ,47954,17871,0,150,0,2012,897,1,2.35,11000
17,86,892,50,603,0,In the Name of the King: The Last Job ,1285,854,1,10,3500000,2014,145,0,1.78,721
71,92,23,162,460,25590119,Crocodile Dundee in Los Angeles ,19699,1315,0,119,21150000,2001,442,0,1.85,387
53,152,541,288,773,14873,Major Dundee ,5294,2888,2,67,3800000,1965,575,1,2.35,251
126,89,0,322,628,7764027,Bad Words ,38459,2061,0,119,10000000,2013,497,1,2.35,0
81,98,143,153,302,15464026,Loser ,23076,1189,2,158,20000000,2000,216,1,1.85,1000
166,97,17,74,158,32600000,Friday the 13th: The Final Chapter ,29488,467,0,326,1800000,1984,84,1,1.85,0
11,105,6,371,723,8508843,Troop Beverly Hills ,7470,2368,1,35,18000000,1989,422,1,1.37,0
132,116,41,541,11000,30013346,Hollywood Homicide ,31293,14028,2,254,75000000,2003,982,1,2.35,648
204,117,221,503,11000,103028109,Just Go with It ,172878,16325,1,203,80000000,2011,3000,1,1.85,19000
49,104,71,168,1000,1789892,Clay Pigeons ,9494,1795,1,109,8000000,1998,261,1,1.85,515
205,85,52,489,1000,12610731,Jason X ,38985,3050,1,673,11000000,2001,935,0,1.85,0
47,92,14,488,789,50024083,Under Siege 2: Dark Territory ,35918,2318,1,126,60000000,1995,520,1,1.85,1000
103,93,190,151,364,3419967,Metallica Through the Never ,13359,1083,0,56,0,2013,253,2,2.35,19000
83,89,23,503,839,15102127,"The Goods: Live Hard, Sell Hard ",17790,3973,5,59,0,2009,700,1,1.85,0
34,95,7,463,2000,0,Barry Munday ,3443,3648,2,20,0,2010,536,1,1.85,480
10,97,0,83,918,0,Show Me ,369,1163,0,5,900000,2004,100,1,1.78,12
40,99,0,402,782,14358033,Memoirs of an Invisible Man ,17365,2125,2,66,40000000,1992,658,1,2.35,630
125,206,0,4,433,70405498,JFK ,113472,698,1,442,40000000,1991,256,2,2.35,0
19,80,799,854,3000,0,Farce of the Penguins ,4322,10727,0,47,0,2006,2000,0,1.85,419
30,121,62,69,883,0,Tom Jones ,8508,1371,1,56,1000000,1963,269,1,1.37,328
65,112,58,124,617,0,Hud ,15277,1141,0,120,2500000,1963,189,2,2.35,1000
290,108,13000,285,606,32000000,Psycho ,422432,1885,2,1040,806947,1960,332,2,1.85,18000
122,88,0,640,2000,112692062,Spy Kids ,84325,4499,0,205,35000000,2001,843,1,1.85,0
55,115,293,878,49000,135014968,Patch Adams ,80580,74382,1,375,50000000,1998,22000,1,2.35,0
153,126,13000,390,920,162831698,Batman Returns ,215255,2899,0,610,80000000,1992,811,2,1.85,0
62,117,101,743,13000,24944213,Kingpin ,63459,16937,2,185,27000000,1996,852,1,2.35,3000
403,123,508,14000,34000,337103873,The Hunger Games: Mockingjay - Part 1 ,305008,81385,1,591,125000000,2014,22000,1,2.35,52000
154,93,11000,629,11000,39200000,Annie Hall ,192940,12691,0,491,4000000,1977,636,2,1.37,0
173,107,153,233,11000,137340146,Click ,246492,12700,1,685,70000000,2006,1000,1,1.85,7000
95,97,8,22,423,17000000,Kingdom of the Spiders ,3274,516,0,84,500000,1977,23,1,1.85,0
56,139,17000,94,554,32000000,The Age of Innocence ,36267,1068,3,150,30000000,1993,382,2,2.35,0
75,90,234,15,552,241816,George Washington ,6246,642,0,76,42000,2000,61,2,2.35,451
206,104,50,947,5000,25040293,The Forbidden Kingdom ,88049,7247,0,279,55000000,2008,962,1,2.35,0
44,111,197,578,755,0,High School Musical 2 ,39786,3009,5,162,7000000,2007,632,0,1.78,586
165,109,65,393,798,78845130,The Purge: Election Year ,17596,2480,1,94,10000000,2016,465,1,2.35,0
51,88,6,854,2000,8460990,Legends of Oz: Dorothy's Return ,5116,6946,1,54,70000000,2013,1000,1,0,5000
11,114,9,86,159,1001437,Ruby in Paradise ,2039,423,1,28,800000,1993,143,2,1.85,81
17,112,12,699,33000,13134,The Slaughter Rule ,2004,35294,2,32,500000,2002,1000,1,2.35,183
66,104,170,202,736,4273372,Glitter ,19412,1854,1,308,22000000,2001,218,0,2.35,0
130,113,34,24,10000,14268533,Criminal ,17319,10910,2,100,31500000,2016,877,1,2.35,0
177,100,11,561,23000,20285518,Brick Mansions ,32103,25387,2,112,28000000,2014,727,1,2.35,0
211,105,500,718,11000,20338609,A Prairie Home Companion ,19655,12946,8,280,10000000,2006,912,1,2.35,683
113,116,165,475,577,102678089,The General's Daughter ,42705,2321,0,274,95000000,1999,501,1,2.35,885
123,109,309,482,1000,74484168,Four Brothers ,109894,2740,3,340,45000000,2005,654,1,2.35,0
232,104,335,16,114,1487477,Night Watch ,47097,206,0,310,4200000,2004,28,1,1.85,0
61,197,176,760,924,46300000,"It's a Mad, Mad, Mad, Mad World ",29323,4109,0,344,9400000,1963,898,2,2.76,0
233,216,17000,1000,29000,77679638,Gangs of New York ,314033,47657,3,1166,100000000,2002,14000,2,2.35,0
299,124,335,50,14000,34180954,The Reader ,189812,14504,0,370,32000000,2008,388,2,1.85,15000
0,127,2,0,2,0,Insomnia Manica ,16,2,0,3,500000,2005,0,1,1.33,0
232,99,101,327,1000,15071514,The Invasion ,65037,2323,2,273,80000000,2007,422,1,1.85,0
421,98,475,522,1000,223806889,WALL·E ,718837,2975,0,1043,180000000,2008,729,2,2.35,16000
169,103,134,390,804,0,Singin' in the Rain ,150020,2510,0,568,2540800,1952,786,2,1.37,0
400,144,258,834,6000,167007184,Casino Royale ,470501,9125,1,2301,150000000,2006,1000,2,2.35,0
529,105,81,779,11000,176740650,Rise of the Planet of the Apes ,403836,13118,0,646,93000000,2011,1000,2,2.35,47000
172,137,79,194,27000,1206135,Child 44 ,40568,27666,3,185,50000000,2015,254,1,2.35,18000
92,107,521,80,773,768045,Bloody Sunday ,19732,976,0,120,2000000,2002,89,2,1.85,0
141,97,6,415,22000,107225164,The Angry Birds Movie ,27130,24350,0,126,73000000,2016,1000,1,1.85,14000
46,90,7,711,87000,52166,Trucker ,2792,89263,3,22,2000000,2008,781,1,2.35,371
188,108,43,463,691,0,Antiviral ,9356,1962,0,47,3200000,2012,480,1,1.85,0
45,96,37,542,801,81200000,Police Academy ,87739,3113,0,133,4500000,1984,760,1,1.85,0
68,98,36,405,10000,117190,Wild Target ,29994,11770,4,86,8000000,2010,692,1,2.35,0
178,93,45,352,9000,25857987,Æon Flux ,110614,10185,0,532,62000000,2005,460,1,2.35,0
21,98,70,90,876,1953732,The Clan of the Cave Bear ,4996,1351,0,62,15000000,1986,324,1,2.35,843
85,220,0,820,13000,15527125,All the Pretty Horses ,11388,15006,2,183,57000000,2000,861,1,2.35,652
291,122,210,123,22000,17237244,A Most Wanted Man ,57210,22574,3,158,15000000,2014,164,1,2.35,13000
160,123,130,426,826,59699513,Secretariat ,20827,2259,0,136,35000000,2010,638,2,2.35,0
118,101,30,268,1000,93307796,Two Weeks Notice ,85673,2636,2,269,60000000,2002,976,1,1.85,0
39,99,34,120,388,110000,Dinner Rush ,4359,1156,1,73,0,2000,159,2,1.85,495
84,53,141,23,141,274661,Taxi to the Dark Side ,10564,313,0,40,1000000,2007,125,2,1.85,0
225,109,763,311,812,61280963,The Cell ,79877,2474,1,677,33000000,2000,551,1,2.35,0
150,87,12,645,3000,32178777,The Love Guru ,43300,6658,6,250,62000000,2008,966,0,2.35,0
185,138,438,173,12000,130727000,The Silence of the Lambs ,887467,13184,0,916,19000000,1991,826,2,1.85,40000
19,81,7,106,412,0,The Timber ,1274,1020,1,17,2100000,2015,308,1,2.35,380
1,120,28,12,544,0,Godzilla Resurgence ,374,699,0,13,0,2016,106,2,2.35,0
39,93,21,359,763,0,The Veil ,4146,2651,2,29,4000000,2016,637,0,2.35,0
95,89,0,5,12,0,Lake Mungo ,9465,29,0,85,1400000,2008,5,1,1.85,0
208,106,31,71,33000,2694973,Half Nelson ,70885,33734,2,189,700000,2006,519,2,1.85,0
15,79,157,219,4000,4350774,PCU ,10476,4908,3,52,8000000,1994,248,1,1.85,0
311,87,13,308,463,40990055,The Last Exorcism ,41509,1958,0,300,1800000,2010,400,1,1.85,0
96,106,61,649,907,32645546,Because of Winn-Dixie ,8427,3462,5,88,14000000,2005,807,1,1.85,1000
154,104,0,1000,4000,40064955,The Faculty ,92074,12170,1,502,15000000,1998,4000,1,1.85,0
221,94,53,268,386,347578,Teeth ,34556,1511,1,161,0,2007,357,1,1.85,17000
49,92,5,924,22000,26000610,The Adventures of Rocky & Bullwinkle ,16611,28050,0,197,76000000,2000,1000,0,1.85,413
71,105,96,35,509,35811509,Shine ,43013,888,0,104,5500000,1996,294,2,1.85,0
91,121,9,520,1000,0,Ironclad ,34338,3287,2,103,25000000,2011,870,1,2.35,0
8,94,13,616,1000,0,Mooz-Lum ,919,3288,1,14,0,2010,826,1,0,0
157,116,51,622,11000,36931089,That's My Boy ,70681,16484,2,198,70000000,2012,3000,1,2.35,12000
285,139,13000,461,13000,70269171,Rocky Balboa ,162130,15111,0,962,24000000,2006,683,2,1.85,0
27,118,0,410,26000,46451,Ca$h ,7663,27756,2,38,7000000,2010,854,1,1.85,694
9,88,19,322,795,0,Dawn Patrol ,455,2497,0,13,3500000,2014,535,0,2.35,570
153,92,35,179,19000,83348920,Penguins of Madagascar ,60230,19963,0,118,132000000,2014,411,1,1.85,11000
331,95,464,11000,23000,32391374,500 Days of Summer ,376600,54075,43,494,7500000,2009,17000,2,2.35,40000
101,84,50,692,979,140015224,Stuart Little ,94172,3382,0,179,133000000,1999,886,1,1.85,0
253,97,545,529,14000,60128566,Resident Evil: Afterlife ,131447,16098,1,410,60000000,2010,1000,1,2.35,19000
289,118,43,651,740,150368971,We're the Millers ,316671,3425,4,301,37000000,2013,707,2,2.35,35000
80,80,3,39,108,0,The Dark Hours ,4788,272,0,52,500000,2005,64,1,1.85,166
120,152,34,249,804,43650000,West Side Story ,71919,1802,0,316,6000000,1961,271,2,2.2,0
52,117,425,901,13000,85300000,Stripes ,48629,27378,1,134,10000000,1981,11000,1,1.85,0
355,109,453,953,15000,40983001,End of Watch ,181025,27788,2,336,7000000,2012,10000,2,1.85,38000
129,99,800,334,49000,221210,World's Greatest Dad ,31964,50542,1,129,0,2009,640,1,1.85,0
124,112,0,177,805,7837632,The Ice Storm ,46396,1466,0,287,18000000,1997,223,2,1.85,0
21,89,23,899,1000,8119205,A Simple Wish ,4288,5535,3,21,28000000,1997,937,1,1.85,517
101,99,9,648,975,38048637,Urban Legend ,47814,3500,4,426,14000000,1998,912,1,2.35,0
47,84,2,690,15000,5002310,Bubble Boy ,25541,18864,0,181,13000000,2001,816,1,2.35,0
152,99,89,322,962,1007535,Damsels in Distress ,7625,2452,5,54,0,2011,476,1,1.85,0
27,88,22,120,174,9286314,Stone Cold ,4972,583,1,62,17000000,1991,132,1,1.85,0
0,65,0,176,770,0,Towering Inferno             ,10,1125,2,0,0,0,179,2,1.33,0
27,104,0,0,2,32631,Sisters in Law ,291,2,1,8,0,2005,0,2,0,50
144,88,27,101,742,17768000,Halloween 4: The Return of Michael Myers ,29629,1136,0,374,5000000,1988,120,1,1.85,0
35,103,5,842,1000,0,Zipper ,4091,3408,0,20,4500000,2015,1000,1,2.35,987
149,101,51,8,446,20772796,Whale Rider ,34232,497,1,346,6000000,2002,20,2,2.35,0
218,109,101,839,13000,86208010,Dumb and Dumber To ,97045,16179,1,285,35000000,2014,899,1,1.85,55000
2,100,3,382,1000,0,Four Single Fathers ,118,2890,0,1,3000000,2009,810,1,0,32
268,132,16000,567,16000,100422786,Million Dollar Baby ,482064,28830,1,1106,30000000,2004,11000,2,2.35,14000
94,125,603,114,10000,0,A Streetcar Named Desire ,78454,10570,0,233,1800000,1951,416,2,1.37,5000
225,105,68,374,635,92401,I Spit on Your Grave ,56402,2423,0,209,2000000,2010,445,1,2.35,17000
71,98,89,3,88,2938208,Metropolitan ,7143,173,1,52,225000,1990,74,2,1.66,865
81,110,798,16,580,0,Loose Cannons ,8667,662,9,29,0,2010,26,2,2.35,0
11,93,3,324,1000,13960203,How to Be a Player ,2301,2939,2,15,0,1997,560,1,1.85,439
490,143,1000,76,29000,144812796,The Great Gatsby ,362933,29769,4,753,105000000,2013,509,2,2.35,115000
142,87,85,118,311,33244684,Child's Play ,62038,760,0,281,9000000,1988,189,1,1.85,0
90,103,31,733,12000,26870825,Stick It ,22604,14903,3,124,0,2006,804,1,1.85,0
194,90,120,0,41,2957978,Man on Wire ,40481,68,0,134,1000000,2008,27,2,1.85,0
6,88,0,57,978,15059,Trade of Innocents ,748,1443,2,8,0,2012,323,1,2.35,543
9,102,329,280,611,4239767,Men with Brooms ,3709,1834,3,83,7500000,2002,329,1,1.85,0
280,95,0,192,569,952620,Diary of the Dead ,40800,1797,0,332,2000000,2007,529,1,1.85,0
8,60,0,551,1000,0,Animal Kingdom             ,3673,3026,0,23,0,0,557,2,16,0
105,125,159,39,3000,18306166,The Four Feathers ,28130,3142,2,215,35000000,2002,61,1,2.35,0
157,115,0,35,85,5383834,Amores Perros ,173551,318,0,361,2000000,2000,79,2,1.85,11000
33,93,14,199,1000,29247405,Spice World ,28377,2176,1,261,25000000,1997,401,0,1.85,0
195,101,40,398,2000,28687835,Untraceable ,40964,3612,1,245,35000000,2008,648,1,2.35,0
45,83,5,368,971,100491683,The Rugrats Movie ,14005,3438,0,67,24000000,1998,503,1,1.85,418
91,87,31,733,1000,133103929,Alvin and the Chipmunks: Chipwrecked ,22838,4073,0,56,75000000,2011,1000,0,1.85,0
198,89,66,1000,137000,31691811,Quarantine ,57446,140268,0,369,12000000,2008,1000,1,1.85,0
66,93,0,717,12000,39177541,The Adventures of Sharkboy and Lavagirl 3-D ,20310,14899,1,177,50000000,2005,722,0,1.85,0
39,45,0,160,898,0,Sleepy Hollow             ,49049,1430,0,110,0,0,372,2,16,14000
204,94,122,360,23000,1082044,The Machinist ,281649,24994,0,458,5000000,2004,1000,2,2.35,21000
121,106,162,3,21,4581222,Touching the Void ,26926,29,0,156,0,2003,5,2,1.85,0
169,188,503,467,10000,134218018,Superman ,126357,12940,0,497,55000000,1978,593,2,2.35,0
405,125,102,825,15000,83299761,Saving Mr. Banks ,117719,19809,2,306,35000000,2013,2000,2,2.35,39000
172,130,545,552,722,26616590,Event Horizon ,120416,2525,0,857,60000000,1997,585,1,2.35,10000
112,94,0,180,820,0,Days of Heaven ,37594,1618,0,181,3000000,1978,350,2,1.85,0
274,100,35,306,10000,28637507,28 Weeks Later ,212167,11471,1,713,15000000,2007,1000,2,1.85,0
78,91,29,459,861,27087695,Joe Dirt ,41664,2543,0,205,17700000,2001,593,1,1.85,0
173,99,16000,455,16000,2812029,Reservoir Dogs ,664719,28994,0,931,1200000,1992,12000,2,2.35,19000
198,98,66,562,3000,42592530,Krampus ,29867,4567,0,181,15000000,2015,658,1,2.35,27000
54,105,49,104,680,21160089,ATL ,8522,1538,0,92,0,2006,503,1,2.35,874
343,156,0,738,891,105219735,Robin Hood ,211765,3244,0,546,200000000,2010,882,1,2.35,17000
55,100,8,588,1000,23222861,Agent Cody Banks 2: Destination London ,11092,3742,4,44,26000000,2004,934,0,2.35,167
240,121,0,854,19000,22518325,The Black Dahlia ,63363,22833,0,644,50000000,2006,972,1,2.35,0
260,100,35,7000,12000,22525921,The Incredible Burt Wonderstone ,60596,32094,4,158,30000000,2013,10000,1,2.35,13000
127,95,63,720,23000,38120554,Treasure Planet ,71527,26940,0,217,140000000,2002,770,2,1.5,0
61,100,0,0,5,1227508,Slacker ,15103,5,0,80,23000,1991,0,2,1.37,2000
139,101,221,11000,12000,133668525,Grown Ups 2 ,107817,39269,4,255,80000000,2013,11000,1,1.85,14000
313,151,563,1000,40000,423032628,Pirates of the Caribbean: Dead Man's Chest ,522040,48486,2,1832,225000000,2006,5000,2,2.35,5000
95,83,224,37,224,0,Black Rock ,6531,344,1,47,0,2012,59,0,1.85,0
111,93,16,258,567,4919896,Birthday Girl ,21530,1775,1,159,13000000,2001,326,1,2.35,618
130,92,165,700,26000,0,Wild Card ,36487,29773,0,114,30000000,2015,947,1,2.35,0
17,116,24,46,183,0,Partition ,2223,428,2,27,10000000,2007,136,2,2.35,746
345,86,387,270,962,4063238,Frances Ha ,43982,2260,0,139,0,2012,481,2,1.85,11000
45,97,96,403,13000,63408614,Tango & Cash ,75365,14432,1,149,55000000,1989,549,1,2.35,0
5,43,0,452,778,0,Rush Hour             ,2185,2255,2,30,0,0,618,1,16,0
26,75,15,36,1000,32230907,Kevin Hart: Let Me Explain ,6062,1385,0,30,2500000,2013,309,1,1.85,0
149,101,176,83,3000,12987647,The Quiet American ,24019,3431,2,199,30000000,2002,268,2,2.35,983
263,79,30,265,940,31743332,9 ,111117,1594,0,245,30000000,2009,271,2,1.85,13000
281,146,14000,681,3000,78616689,A.I. Artificial Intelligence ,238747,6217,0,2153,100000000,2001,882,2,1.85,11000
80,112,41,490,1000,19151864,My Best Friend's Girl ,36983,3301,3,100,40000000,2008,500,1,1.85,0
156,92,52,647,723,27669413,Saw VI ,76207,3101,0,194,11000000,2009,651,1,1.85,0
36,104,116,83,1000,0,The Blue Lagoon ,50125,1662,0,140,4500000,1980,511,1,1.85,0
59,100,65,730,1000,19118247,Man of the House ,19829,6171,5,94,40000000,2005,923,1,2.35,779
91,102,11,35,10000,0,Red Riding: In the Year of Our Lord 1974 ,9305,10369,0,44,0,2009,281,2,1.85,0
45,114,73,563,695,15100000,Firestarter ,22797,3444,1,96,15000000,1984,654,1,2.35,0
133,104,93,878,11000,74058698,Along Came a Spider ,59232,17109,0,317,60000000,2001,2000,1,2.35,0
146,107,110,722,23000,1190018,Equilibrium ,261317,25088,2,1137,20000000,2002,876,2,2.35,20000
434,138,0,8000,12000,101160529,Noah ,200022,32355,2,1240,125000000,2014,9000,1,1.85,71000
248,110,282,103,11000,124051759,The Legend of Tarzan ,42372,21175,2,239,180000000,2016,10000,1,2.35,29000
1,60,0,213,480,0,In the Heat of the Night             ,2258,1736,1,24,0,0,360,2,1.33,763
123,93,13,141,742,15126948,Halloween: The Curse of Michael Myers ,20815,1227,0,335,5000000,1995,152,0,1.85,0
47,152,194,0,103,23807,Lake of Fire ,2143,105,0,29,0,2006,2,2,0,570
4,84,5,482,670,0,Good Intentions ,553,2739,5,3,10000000,2010,608,1,0,119
21,120,664,400,990,0,The Birth of a Nation ,1197,3525,1,8,10000000,2016,664,1,2.35,0
129,98,36,900,13000,57262492,The Whole Nine Yards ,90374,17582,4,318,24000000,2000,2000,1,1.85,0
19,90,48,376,940,15091542,The Adventures of Pinocchio ,4086,2465,2,22,25000000,1996,595,1,2.35,246
129,97,29,816,15000,48237389,The House Bunny ,63969,18789,1,126,25000000,2008,852,1,2.35,0
224,117,0,845,12000,81645152,Blade II ,158267,15371,1,559,54000000,2002,919,1,1.85,0
96,44,0,970,4000,0,Buffy the Vampire Slayer             ,101902,7970,0,665,2300000,0,3000,2,1.33,6000
4,30,0,359,995,0,Last Man Standing             ,15114,2465,1,87,0,0,363,2,16,0
46,119,8,2000,3000,0,Another Happy Day ,3297,10984,4,42,4000000,2011,3000,1,2.35,798
231,124,98,592,1000,19445217,Beautiful Creatures ,67796,3580,7,258,60000000,2013,852,1,2.35,14000
186,126,13000,488,920,251188924,Batman ,269033,2725,0,817,35000000,1989,549,2,1.85,12000
486,112,230,12000,26000,206360018,Thor: The Dark World ,414070,59803,3,532,170000000,2013,20000,2,2.35,63000
348,101,473,429,833,190871240,Teenage Mutant Ninja Turtles ,167085,2690,0,491,125000000,2014,809,1,2.35,62000
120,116,380,774,18000,40932372,The Siege ,58023,32563,0,281,70000000,1998,13000,1,2.35,0
274,118,65,638,11000,57981889,The Lincoln Lawyer ,173848,13943,1,203,40000000,2011,980,2,2.35,25000
32,80,522,423,813,194568,I Want Someone to Eat Cheese With ,2963,2179,0,28,1500000,2006,522,1,1.85,0
22,86,15,0,2,111300,Burn ,575,2,0,6,225000,2012,0,2,2.35,801
114,113,212,568,2000,21009180,Flight of the Phoenix ,45815,4397,4,222,45000000,2004,845,1,2.35,1000
177,107,43,569,12000,126088877,Central Intelligence ,33354,14569,2,110,50000000,2016,919,1,2.35,10000
220,83,181,459,731,37053924,30 Minutes or Less ,77935,1987,3,122,28000000,2011,579,1,2.35,0
174,122,87,605,2000,22000,The Divide ,30511,4920,4,226,3000000,2011,683,1,2.35,0
392,156,0,4000,24000,336530303,Spider-Man 3 ,383056,46055,0,1902,258000000,2007,11000,1,2.35,0
105,87,44,704,785,515005,A Hard Day's Night ,31429,2538,1,219,560000,1964,725,2,1.75,0
489,108,232,123,149,25440971,Ex Machina ,289508,430,0,611,15000000,2015,145,2,2.35,109000
181,94,368,466,13000,125305545,Charlie's Angels ,145350,15419,0,643,92000000,2000,1000,1,2.35,0
219,108,22,61,12000,10326062,Pandorum ,121432,14127,0,310,33000000,2009,2000,1,2.35,10000
252,147,0,669,6000,7219578,Mulholland Drive ,235992,8484,1,1768,15000000,2001,889,2,1.85,16000
127,101,7,440,1000,35000629,Good Luck Chuck ,74622,2822,1,150,25000000,2007,562,1,1.85,0
134,129,395,313,18000,537580,Machine Gun Preacher ,52972,19620,1,124,30000000,2011,1000,1,2.35,21000
0,90,0,9,313,0,Dutch Kills ,57,366,2,2,25000,2015,25,0,0,33
226,139,777,58,131,6857096,Incendies ,80429,343,0,156,6800000,2010,66,2,1.85,37000
393,105,335,911,3000,37516013,Abraham Lincoln: Vampire Hunter ,128629,8281,0,348,69000000,2012,3000,1,2.35,98000
157,109,80,2000,19000,45489752,In Good Company ,48973,28493,2,214,26000000,2004,3000,1,1.85,736
44,159,50,72,218,6498000,Baahubali: The Beginning ,62756,554,1,410,18026148,2015,133,2,1.85,21000
195,91,19,260,968,12055108,Sunshine Cleaning ,61151,2528,0,134,8000000,2008,934,1,2.35,0
121,92,12,797,3000,8786715,Saved! ,40274,5668,5,324,5000000,2004,835,1,1.85,0
88,111,82,269,809,3895664,L'auberge espagnole ,34383,1858,0,149,5300000,2002,447,2,1.85,0
44,93,8,558,22000,0,Heist ,16198,24154,1,57,19000000,2015,1000,1,2.35,0
145,96,51,322,8000,150315155,Daddy's Home ,54010,10886,2,130,50000000,2015,2000,1,1.85,13000
134,94,0,557,2000,16501785,Trainspotting ,469561,3559,4,514,3500000,1996,887,2,1.85,21000
339,131,776,256,17000,73103784,White House Down ,164238,18204,2,434,150000000,2013,551,1,2.35,33000
258,94,132,317,26000,17120019,Safe ,83097,27759,2,134,30000000,2012,828,1,2.35,12000
175,106,487,263,685,12339633,Gattaca ,220591,1942,2,641,36000000,1997,485,2,2.35,17000
84,96,22,324,8000,15427192,Drowning Mona ,11768,11078,0,148,16000000,2000,2000,1,1.85,492
