ID,LIMIT_BAL,SEX,EDUCATION,MARRIAGE,AGE,PAY_0,PAY_2,PAY_3,PAY_4,PAY_5,PAY_6,BILL_AMT1,BILL_AMT2,BILL_AMT3,BILL_AMT4,BILL_AMT5,BILL_AMT6,PAY_AMT1,PAY_AMT2,PAY_AMT3,PAY_AMT4,PAY_AMT5,PAY_AMT6,target_variable
10748,310000,1,3,1,32,0,0,0,0,0,0,172772,152397,110375,84373,57779,14163,8295,6000,4000,3000,1000,2000,0
12574,10000,2,3,1,49,-1,-1,-2,-1,2,2,32,-358,-748,1690,1138,930,0,0,2828,0,182,0,1
29677,50000,1,2,1,28,-1,-1,-1,0,-1,-1,430,0,46257,45975,1300,43987,0,46257,2200,1300,43987,1386,0
8857,80000,2,3,1,52,2,2,3,3,3,2,36649,39448,40101,40748,39816,40607,3700,1600,1600,0,1600,1600,1
21099,270000,1,1,2,34,1,2,0,0,2,0,20979,17228,20924,22448,15490,17343,0,4000,2000,0,2000,2000,0
17459,140000,2,3,1,30,0,0,0,0,2,0,93157,96304,98007,82227,65000,60848,4700,4505,12906,0,2210,2300,0
1477,200000,1,2,2,26,-1,-1,0,0,0,0,1747,11817,14225,16017,12613,6600,12957,3884,5010,700,360,1713,0
5121,150000,1,2,2,37,-1,0,0,0,0,0,69012,63265,64131,64942,61803,58987,2500,2500,3780,2200,2000,2000,0
18339,20000,2,2,2,22,0,0,0,0,0,0,16990,17960,18923,19706,19818,20006,3000,3001,3000,2000,1002,783,0
28280,230000,2,2,2,36,-2,-1,-1,-1,-1,-1,858,885,669,656,827,2360,885,669,656,827,2376,943,0
1685,120000,2,2,2,30,0,0,0,0,0,0,16812,17571,18013,18197,9032,11951,1358,1126,636,650,4000,1800,0
20372,20000,1,3,2,23,0,0,0,0,0,0,8038,9060,11600,12307,12703,12970,1161,2701,1204,600,620,622,1
3609,470000,1,1,2,35,0,0,0,0,0,0,211775,218246,218615,221365,137387,201955,9883,6000,6194,30364,100018,4817,0
13013,120000,1,3,1,54,-1,3,2,-1,-1,-1,632,632,316,316,316,316,0,0,316,316,316,316,0
6794,310000,2,2,1,29,0,0,0,0,0,0,182202,162547,140911,111881,78759,78877,5118,3758,3901,2206,3089,3023,0
5417,30000,1,2,1,38,0,0,0,0,0,0,29723,30428,26558,27265,27953,28456,2000,2000,1500,1500,1500,1500,0
21811,140000,2,3,2,26,2,0,0,0,0,0,144010,142724,142802,140103,142750,142855,5301,5400,5100,5300,5500,5400,1
13639,240000,2,1,2,29,0,0,0,0,0,0,191059,197548,203823,216971,223048,228755,10000,10000,17000,10000,10000,8000,0
7527,330000,1,1,2,31,0,0,-1,-1,0,0,163406,137664,3381,40635,40490,38431,7558,5000,42054,3000,2000,1100,0
17946,50000,1,2,1,45,0,0,0,0,0,2,14488,15798,16867,17759,19354,17726,1558,1627,1519,2114,0,600,0
8970,280000,1,1,2,41,-2,-2,-2,-2,-2,-2,5819,14656,8971,5747,11927,40170,3683,9059,5787,11985,40370,8314,0
28442,300000,2,1,1,40,0,0,0,0,0,0,121603,125098,94769,112777,100323,87009,30000,25000,50007,10000,20000,30363,0
4985,270000,2,1,1,31,0,0,0,0,0,0,86716,88329,91247,91823,93164,95211,6000,6005,4000,4000,4000,5000,0
16578,490000,1,1,2,29,-1,-1,-1,-2,-1,0,264,678,-571,-1796,137158,139345,678,571,1225,140597,6000,3900,0
5066,200000,2,1,1,32,1,-2,-2,-2,-2,-1,0,0,0,0,0,900,0,0,0,0,900,880,0
25593,360000,2,2,1,47,0,0,0,0,0,0,93431,93784,93753,87660,78206,70147,3389,3357,2973,2819,2468,2503,0
29622,20000,1,3,1,43,0,0,0,2,0,-1,18100,17926,19485,19503,19566,1320,2000,3000,1200,1000,1400,0,0
21383,290000,1,2,1,53,-1,0,0,0,-1,-1,4975,3688,3164,2277,1497,1887,1027,1000,1000,1497,1887,2277,0
25956,150000,2,2,1,42,0,0,0,0,2,0,15878,10389,6067,4823,6208,4824,1300,1040,1378,1560,128,239,0
23888,80000,1,2,1,27,0,0,0,0,2,0,58777,60201,61633,69160,26000,25000,3000,3000,9160,0,0,0,0
8536,250000,1,2,1,29,1,-2,-2,-1,-1,-1,-24,-24,-24,746,7146,434,0,0,770,7200,688,0,0
23747,200000,2,3,2,49,-1,-1,-1,-1,-1,-1,1801,181,4095,5711,21420,6719,181,4126,5711,21520,6719,150,0
12790,300000,2,1,2,26,-1,0,0,0,0,0,48729,47798,57390,36766,38586,84950,7500,18340,1000,3000,57543,64629,0
4462,130000,1,1,2,46,0,0,0,0,0,0,110766,114977,120976,40177,41529,43734,6000,9000,2000,2000,3000,4000,1
8104,550000,2,5,2,52,-2,-2,-2,-2,-2,-2,277376,266532,256321,19753,464,8199,6001,6016,19753,464,8199,0,0
6491,50000,1,3,1,34,0,0,0,0,0,0,6808,6198,22456,19776,9433,7487,1318,19776,1096,572,645,0,0
7819,120000,1,3,1,38,-1,-1,-1,-1,0,-1,3465,5543,5463,10912,5228,9769,5558,5479,10929,24,9769,18,0
6142,260000,2,1,2,53,0,0,0,0,0,0,235073,235704,198181,143561,110982,72514,30000,10087,6030,5001,10002,148,0
9121,200000,1,2,2,32,-2,-2,-2,-2,-2,-2,1473,1473,390,390,540,390,1473,390,390,540,390,0,0
9913,200000,2,3,1,44,0,0,0,0,0,0,34760,37871,39879,42946,46141,46305,4000,3000,4000,4000,3000,3000,0
344,180000,1,1,1,39,0,0,-1,0,0,-1,274731,281713,242063,122295,-1005,1005,11000,145000,26000,0,101005,1898,0
293,30000,1,2,1,43,3,2,2,2,2,2,1700,2610,1914,2182,2000,2566,1100,0,300,0,600,0,0
24477,50000,1,1,2,34,-1,-1,-1,0,0,0,27465,24125,47444,43028,43719,0,24125,60003,5000,30000,34000,0,0
20286,160000,2,3,1,51,-2,-2,-2,-2,-2,-2,0,0,0,0,0,0,0,0,0,0,0,0,0
16998,130000,2,2,2,23,-2,-2,-2,-2,-2,-2,-169,3464,7569,8130,544,148,4739,22271,8526,544,148,72392,0
11891,130000,2,2,2,23,-2,-2,-2,-2,-2,-2,136,0,0,0,0,0,0,0,0,0,0,0,0
27267,310000,1,1,1,45,-2,-2,-2,-2,-2,-2,8964,1168,6495,-16,-16,-16,1174,6527,0,0,0,0,0
538,120000,1,2,1,44,0,0,0,0,0,0,92007,87939,82094,59105,53442,46775,5417,2847,2066,1919,2200,0,0
20355,50000,1,2,2,22,1,-1,-1,-1,-1,-2,0,1054,1448,2535,0,0,1054,1448,2535,0,0,0,0
14120,110000,1,3,2,49,0,0,0,0,0,0,113928,112775,110399,48532,44703,47869,4915,4379,12466,5000,5307,5000,0
15333,200000,2,1,2,30,0,0,0,0,0,0,78866,74961,69702,63210,57098,46455,20000,2513,1656,5000,20000,15000,0
12495,290000,2,1,3,29,0,0,0,0,0,0,221626,190440,118163,110728,106426,15300,6530,4200,4938,10000,2420,221000,1
21938,200000,2,1,2,27,-1,-1,-2,-1,-1,-2,1171,0,0,680,0,0,0,0,680,0,0,442,0
1634,80000,2,1,2,38,-2,-2,-2,-2,-2,-2,1927,446,909,1740,2190,518,446,909,1740,2190,518,5062,0
2685,60000,1,1,1,42,2,0,0,0,0,2,39986,41036,42449,43243,48537,47606,2000,2100,1800,6000,0,2000,1
1297,50000,1,2,2,29,1,2,2,2,0,0,37170,36297,39863,38924,39744,40533,0,4500,0,1600,1600,1600,0
1114,110000,1,1,2,33,0,0,0,0,0,0,12633,88334,53978,23687,26567,8435,80004,1500,12013,7000,2000,4000,0
10213,50000,1,3,1,41,2,2,2,0,0,0,31303,35716,30087,29610,40736,25690,5700,0,1000,12000,2000,900,0
17680,70000,2,1,2,34,0,0,0,0,0,0,36467,40505,43333,36959,27296,23474,5000,5000,1500,546,1000,1746,0
89,130000,2,1,1,35,0,0,0,-1,-1,-1,81313,117866,17740,1330,7095,1190,40000,5000,1330,7095,1190,2090,0
1293,200000,2,2,1,34,1,-1,-1,-1,-1,-1,-2,758,998,668,9815,36870,760,1000,670,9852,40063,1049,0
28051,390000,2,1,2,29,0,0,0,0,0,0,89953,107947,60313,55769,65835,72177,25000,35127,20000,12000,7500,15000,0
22965,200000,2,1,2,33,0,0,0,0,0,0,19572,28858,52512,71923,19923,-77,10000,25000,20400,0,0,77,0
6274,210000,1,1,1,30,0,0,0,0,0,2,65600,63396,64150,66135,70118,67254,2300,3000,3000,5000,0,3000,0
14702,280000,1,2,1,37,0,0,0,0,0,-1,149227,152331,153080,156000,160000,40485,5505,3258,3120,4000,100045,10000,0
27487,30000,1,2,1,57,0,0,0,0,0,0,24911,26241,27512,27831,28795,29285,1750,2000,1240,1200,1100,0,1
15314,80000,2,3,1,39,0,0,0,0,0,0,18787,19869,20897,21911,22545,23181,1400,1352,1366,1000,1000,1000,0
29944,500000,1,2,2,38,0,0,0,0,-1,0,31504,27546,20189,12058,14692,8274,12160,6056,3063,14725,206,9363,0
6003,90000,2,2,2,30,0,0,0,0,2,2,75382,73980,75036,77094,75708,76610,3350,3300,5500,1600,3950,0,1
5671,340000,2,2,1,40,-2,-2,-2,-2,-2,-2,0,0,0,0,0,0,0,0,0,0,0,0,0
22796,260000,2,2,1,33,0,0,0,0,0,0,151123,134736,135593,120909,102524,40157,4002,6067,10000,3000,40157,1466,1
19384,90000,2,2,1,47,1,2,2,2,0,0,6681,6426,10289,10816,11333,11997,0,4000,1000,1000,1000,1000,0
21659,30000,2,2,2,27,0,0,0,0,2,2,8476,9677,10715,13218,12709,17463,1500,1500,3000,0,5000,0,0
7843,120000,2,1,2,25,1,-2,-2,-2,-2,-2,0,0,0,0,0,0,0,0,0,0,0,0,1
21915,130000,2,1,2,23,0,0,0,0,0,0,102087,101079,93977,94427,89041,89833,4500,4363,3300,3178,3178,3424,0
333,60000,2,1,2,28,1,2,0,0,0,0,10540,10232,11237,11427,20973,31857,0,1483,673,10000,11540,7000,0
10455,140000,1,2,2,31,0,0,0,0,0,0,64300,62758,77133,71397,71546,83412,20009,32637,15027,10021,20055,10037,0
7031,70000,2,2,1,43,0,0,0,0,0,0,38173,38750,39493,39879,40314,40725,1957,1700,1408,1448,1456,1475,0
5514,80000,2,1,2,27,-1,-1,-1,-1,-2,-2,5060,0,3885,0,0,0,0,3885,0,0,0,860,0
25356,20000,2,2,2,22,0,0,0,0,0,0,19583,16810,17941,19327,19155,19422,1300,1409,1795,623,512,185,0
457,130000,1,3,2,39,1,2,2,2,2,2,71034,69329,74175,72383,77217,75820,0,6000,0,6000,0,6000,0
13445,320000,1,1,1,48,2,2,2,2,2,2,201932,215392,218370,220977,225021,221730,18300,8000,7700,7700,0,7900,1
29657,240000,1,2,2,43,0,0,0,0,0,0,236238,225318,202513,198720,192574,195682,8763,7539,8267,7012,8010,8499,0
7301,10000,2,1,2,26,0,-1,-1,0,0,0,9459,231,3364,6129,9009,9188,231,5000,3000,3000,329,340,0
24052,110000,1,3,1,27,0,0,0,0,0,-2,108435,109572,45907,5130,2889,78834,3509,1102,1014,2889,82718,3100,0
7398,360000,1,2,1,43,1,-2,-2,-2,-2,-2,0,0,0,0,0,0,0,0,0,0,0,0,1
1760,50000,1,2,2,26,1,-2,-2,-2,-2,-2,0,0,0,0,0,0,0,0,0,0,0,0,0
13162,280000,1,1,2,28,0,0,0,0,0,0,139719,136052,118076,101457,81124,42347,6000,4000,4000,4000,3000,1000,0
1604,260000,2,2,2,38,-2,-2,-2,-2,-2,-2,-2,-2,725,2074,0,585,0,727,2074,0,585,0,0
24350,20000,1,2,2,32,0,0,0,0,0,0,15121,15424,15468,11082,11303,10768,1700,1488,1172,393,415,616,0
23722,260000,2,3,1,59,0,0,0,0,0,0,258885,261183,262546,238614,195149,195771,10000,11000,13067,10003,8000,11488,0
3192,70000,2,2,2,23,1,2,0,0,2,2,17461,16892,18013,19315,19859,19390,0,1400,1600,1000,0,1000,1
9707,100000,2,3,1,46,2,2,2,2,2,0,42674,45983,46927,47759,46865,47930,4000,2000,1900,0,2000,4000,1
15488,60000,1,2,2,29,1,-2,-2,-2,-2,-2,0,0,0,0,0,0,0,0,0,0,0,251,1
13916,420000,2,2,1,50,0,0,0,0,0,0,405779,412684,411394,277995,249697,258353,16000,15000,182781,99000,13000,35000,0
12583,60000,2,2,2,31,-1,-1,2,-1,-1,-1,326,1152,826,22662,38211,19671,1152,0,22662,38211,19671,12245,0
12362,100000,2,1,2,26,1,2,2,2,2,2,93295,95108,96662,94216,99732,101737,4200,4000,0,7400,3800,0,0
10100,240000,2,1,2,28,1,-1,-1,-1,-1,-1,0,1748,0,14944,968,10408,1748,0,14944,968,10408,0,1
16792,450000,1,1,1,42,-1,0,-1,-1,-1,-1,2549,20499,2499,2499,0,11071,20449,2499,2499,0,11071,780,0
18389,60000,2,4,2,23,0,0,0,0,0,0,60876,60606,58227,60538,45018,38086,2523,2155,45088,1722,1523,2000,0
8242,100000,1,3,2,26,2,0,0,0,0,0,107643,109895,93420,73119,73642,71579,4048,3105,2700,2510,2703,2700,1
11949,360000,1,1,1,30,0,0,0,-1,-1,-1,98048,69568,22030,498,3150,1074,4000,5000,498,3150,1074,2416,0
13819,340000,2,2,1,32,0,0,0,0,0,0,34228,96716,74983,43557,15559,0,75113,2047,766,77,0,394,0
2412,360000,1,1,2,35,-1,-1,-1,-1,-2,-1,2010,2936,640,0,0,4750,2936,640,0,0,4750,1470,0
25651,190000,2,1,1,43,-2,-2,-2,-2,-2,-2,1675,4873,3468,27395,0,148120,4873,3472,27403,0,148120,6546,0
27889,160000,2,2,2,26,1,2,2,2,-1,-1,5654,796,398,0,398,0,398,0,0,398,0,0,0
13970,210000,2,1,1,38,-1,-1,-1,-2,-2,-2,4868,13118,16114,3353,10775,2938,13174,16114,3353,10775,3000,16520,0
28886,250000,2,1,1,43,-2,-2,-2,-2,-2,-2,331,0,0,0,0,0,0,0,0,0,0,0,0
29514,30000,1,2,2,32,0,0,2,2,0,0,26742,29095,30819,29214,29478,23384,2800,2500,0,910,1000,1000,0
20689,440000,1,1,2,31,0,0,-1,-1,0,0,37547,29349,23713,25427,21187,26486,20016,29748,25448,10015,14501,11501,0
7921,140000,1,1,2,37,0,-1,0,0,0,0,3351,64555,63796,55234,52959,50617,64555,2898,1890,2000,2000,1900,1
70,20000,1,5,2,22,2,0,0,0,0,0,18565,17204,17285,18085,11205,5982,0,1200,1000,500,1000,0,0
13946,200000,2,1,1,32,1,-2,-2,-2,-2,-2,0,0,0,0,0,0,0,0,0,0,0,0,0
24995,50000,1,2,2,43,0,0,0,0,0,0,46594,47585,48887,49097,17203,17562,1768,2070,1280,616,636,640,1
1979,20000,1,3,2,50,-1,-1,-1,-1,-1,0,2191,1140,12656,1693,303,12303,1140,12656,1700,500,12000,0,0
7553,120000,2,1,2,26,-1,-1,-1,-1,-1,-1,2897,481,721,444,710,1920,485,721,444,710,1920,0,0
19290,410000,2,1,1,42,-1,-1,-1,2,-1,-1,12327,2306,4054,3830,3160,49828,2324,4204,0,3160,49828,1647,0
26340,240000,2,2,1,27,0,0,0,0,0,0,133348,136296,139430,142608,145437,148492,5160,5328,5500,5199,5392,5417,1
3812,130000,1,2,2,28,2,2,0,0,0,0,70952,69264,70184,8518,11296,6514,0,3000,2000,3000,2000,0,1
26045,180000,2,2,2,33,-2,-2,-2,-2,-2,-2,11281,3405,22630,7777,3089,8429,3411,22657,7777,3089,8429,6706,0
11008,500000,1,1,2,32,0,0,0,0,0,0,208603,211340,166739,166464,168722,170299,8444,8009,5301,5220,5419,5313,0
12766,360000,2,2,1,27,0,0,0,-1,-1,-1,6449,3885,3113,1347,2179,5575,1108,1024,1353,2188,5602,776,1
18584,360000,2,3,1,27,0,0,0,0,0,0,115730,102973,96363,85616,79033,72152,4371,5438,3415,2430,2568,3017,0
12867,20000,2,2,2,25,0,0,0,0,0,0,20195,19638,17198,14253,18475,13878,1376,1121,460,6000,624,2000,0
27046,350000,1,3,2,41,-2,-2,-2,-2,-2,-2,-331,1656,1440,27000,872,12600,2155,1440,27000,872,12600,0,0
11729,120000,2,1,2,25,0,0,0,-1,0,-1,11431,6857,6865,8209,4825,4322,6000,3147,12000,4000,5000,1759,0
5194,500000,2,1,1,36,2,0,0,0,0,0,197231,175599,176947,178647,176380,172666,8500,8341,6600,6925,7225,6653,1
4014,20000,2,2,2,22,4,3,2,2,2,2,19529,18937,18335,19530,19076,20444,0,0,1500,0,1700,0,1
8323,210000,2,2,2,28,0,0,-1,0,0,-2,2162,61,259323,139861,1684,826,61,130000,10000,1684,826,1793,0
23410,200000,2,6,1,43,0,0,0,0,0,0,198595,194734,190447,187224,183641,178239,7003,7000,7000,6510,6550,6001,0
14879,30000,2,2,1,53,0,0,0,0,0,0,26891,28151,28827,29412,26199,27116,2000,1500,1000,1000,1351,1000,0
6922,280000,2,1,2,29,-1,-1,-1,-1,-1,-1,2187,1461,53603,976,20825,1159,1469,53871,981,20929,1164,0,0
3313,200000,2,1,1,36,0,-1,-1,0,0,0,10317,5755,8587,7782,6987,7662,5788,8587,5314,5000,5000,6000,0
11549,60000,2,1,2,30,0,0,0,0,0,0,24396,25463,27036,27074,25911,26431,1463,2036,937,1911,951,2056,0
25237,80000,2,3,1,25,-2,-2,-1,-1,-2,-2,3377,3377,3476,3377,3377,5062,3377,3476,3377,3377,5062,3387,0
12791,180000,1,2,1,44,-1,-1,-1,-1,-1,-1,1110,1110,1110,1110,1110,1110,1110,1110,1110,1110,1110,1110,0
14433,140000,1,2,1,41,0,0,0,0,0,0,82309,92682,103265,117188,113368,119194,12682,13265,17188,10000,15000,0,0
13359,150000,1,5,1,36,0,0,0,0,0,0,220889,133616,136378,139219,142172,145065,3800,3900,4000,4100,4100,5500,0
11374,50000,1,2,2,31,0,0,0,0,0,-2,47709,47838,49597,43885,0,0,3007,5230,1927,0,0,0,0
1907,360000,2,2,1,42,-1,-1,-1,-1,-1,-1,22237,5683,1632,1632,22379,8901,6695,1632,1632,22379,8901,4852,0
9187,100000,1,2,1,35,-1,-1,-1,-1,-1,-1,1131,291,291,291,291,502,291,291,291,291,502,80,0
24048,50000,1,2,2,25,0,0,0,0,0,0,49899,35200,29447,19980,10400,0,1679,2438,1700,1000,0,0,0
17701,170000,2,2,1,49,-1,0,0,0,0,0,12769,13557,20245,15429,16594,14035,3557,8245,5429,4500,5415,6000,0
6541,60000,1,1,2,31,2,2,2,2,2,2,61432,57751,59200,57558,52992,61325,0,4770,2250,0,50000,0,1
25580,120000,2,3,1,36,0,0,0,0,0,0,9826,10838,11876,12853,13109,13015,1181,1219,1196,452,460,463,1
1374,70000,1,1,2,28,0,0,0,0,0,0,67857,69711,64947,26022,28575,21460,3000,1500,13959,3000,1500,4000,0
26789,260000,1,1,2,29,0,0,0,0,0,0,256503,254732,244860,245165,236120,237705,9248,9021,8767,8317,8736,10025,1
28326,70000,2,2,2,30,-1,0,0,0,0,0,69494,112821,70305,71017,66218,66854,2716,2570,2720,2350,2500,2660,1
23067,320000,2,1,2,32,-1,0,-1,-1,-1,-1,13122,6796,7788,6751,8354,12271,1500,8000,7000,8500,13000,15000,0
19977,210000,2,1,2,32,1,-2,-1,-1,-1,-1,-974,-974,20363,770,0,6138,0,21337,770,0,6138,0,0
19478,110000,2,2,1,40,0,0,0,0,0,0,107035,110156,8871,66482,59578,57961,4000,2500,58000,2000,3000,3500,0
26236,160000,2,3,2,32,-1,-1,-1,-1,-1,-1,1375,3503,2688,2142,7139,1872,3645,2688,2142,7139,1872,10573,1
13523,160000,2,2,2,36,-2,-2,-1,-1,-1,-1,2992,1300,8899,6257,-1197,12151,1300,12038,10696,613,14262,0,0
11931,10000,2,5,2,21,0,0,0,0,0,-2,7691,8107,8036,8099,0,0,1192,1000,162,0,0,0,0
5042,310000,1,1,2,28,0,0,0,0,0,0,272588,169978,156699,131276,118837,119402,9978,6699,11276,9695,19402,6270,1
21658,160000,2,1,2,27,0,0,0,0,0,0,96441,98353,99864,101900,103924,106101,4406,4000,3699,3719,3851,3880,0
23713,100000,2,3,2,50,0,0,0,2,0,0,82397,84027,88734,86369,89994,89681,3004,7500,0,5001,3390,4000,0
4500,70000,2,2,2,23,0,0,0,0,0,0,39935,40973,41989,42823,43718,45203,1683,1699,1533,1585,2210,1875,0
544,100000,2,1,2,24,0,0,0,0,-1,-1,30092,30486,30178,29735,14718,29427,1553,5000,87,14761,29514,330,0
29391,150000,1,5,2,27,0,0,0,0,0,-2,133374,40283,49746,51500,0,0,10000,10000,2900,10000,0,0,0
24323,280000,1,3,1,44,0,0,0,0,0,0,295786,305529,311081,313242,151292,152318,15000,10472,11334,10010,6000,200000,0
7963,50000,1,2,1,34,0,0,0,0,0,0,45398,37433,30609,30432,30254,30088,2008,2000,1500,1501,2105,2219,0
6526,330000,2,2,1,30,0,0,0,0,0,-1,155285,156122,11733,9620,0,4520,10000,10000,2000,0,4520,2500,0
12631,80000,2,2,2,27,0,0,0,0,0,0,64561,47041,25439,26140,28833,28459,2176,1299,1000,3000,981,2000,0
12280,80000,2,2,1,27,-1,-1,-1,-1,-1,-1,1995,0,680,2862,5539,0,0,680,2862,5539,0,5775,0
22921,250000,2,2,2,27,0,0,0,-1,0,0,4883,3090,1404,5208,59006,12072,2500,1000,5208,54000,5000,10000,0
13983,240000,1,2,1,44,0,0,0,0,0,0,199446,200899,205084,194800,183962,188496,7500,10006,7000,7000,8000,7000,0
10031,310000,2,1,2,32,-2,-2,-2,-2,-2,-2,90654,20784,5649,9141,5122,380,27778,5649,9141,5122,380,2475,0
11009,70000,1,1,1,40,1,2,2,2,2,2,12026,13531,13017,14299,13927,15692,2000,0,1500,0,2000,0,0
23035,210000,2,2,1,40,-2,-2,-1,-1,-2,-2,2245,1789,4292,2388,4090,2375,1794,4326,2395,4102,2382,2614,0
11577,20000,1,2,1,31,-1,-1,-1,0,-1,-1,836,390,780,390,390,0,390,780,0,390,0,780,1
16685,20000,1,2,2,30,0,0,0,0,0,0,16320,28674,15491,16299,16428,0,1238,1392,1200,329,0,0,0
10316,160000,2,1,2,32,-1,-1,-1,-1,-1,-1,1179,4042,270,52,0,394,4042,270,0,0,394,646,1
9915,220000,2,5,1,37,2,2,2,0,0,0,189976,189665,171669,167294,172042,162565,15510,0,5500,7250,6500,3500,1
18970,180000,2,1,2,28,0,0,0,0,0,0,230740,30873,32033,51373,52553,53505,1500,1660,20000,2030,1951,3000,0
26826,360000,1,1,2,29,-2,-2,-2,-2,-2,-2,6906,4893,508,0,4861,2547,4893,508,0,4861,2547,0,0
11085,190000,1,1,2,31,0,0,0,0,0,0,182396,187565,188334,182889,81409,85059,8300,5302,6037,3500,5000,4000,0
3859,200000,1,2,1,36,1,-2,-1,-1,-1,-1,-1,-1,296,299,278,4575,0,297,303,279,4597,0,0
25937,260000,2,1,1,30,1,-2,-2,-2,-2,-2,0,0,0,0,0,36150,0,0,0,0,36150,0,0
23656,360000,2,1,1,36,-2,-2,-2,-2,-2,-2,0,0,0,0,0,0,0,0,0,0,0,0,1
15422,220000,2,2,1,53,2,0,0,0,0,0,220389,223682,223193,215040,210884,210479,8490,8100,8000,7804,8254,6640,1
6835,50000,2,1,2,24,-2,-2,-2,-2,-2,-2,894,1020,0,0,0,0,1020,0,0,0,0,0,0
27799,70000,2,2,2,24,0,0,-2,-1,-1,0,36175,0,0,680,69257,68557,0,0,680,71867,9812,2900,0
552,190000,2,1,2,41,-1,-1,-1,-1,-1,-1,28204,0,16500,0,26854,554,0,16500,0,26854,500,0,1
5523,70000,2,2,2,22,0,0,2,0,0,0,31377,31420,30940,24765,25942,27073,6000,1125,1300,3000,2500,1200,0
9531,150000,2,1,1,37,-1,-1,-2,-1,-1,0,58337,0,0,14515,8758,6882,0,0,14515,8758,6880,8267,0
28507,270000,2,2,1,28,-2,-2,-2,-1,0,0,1459,-702,1900,7518,57765,59377,12,5011,8049,53008,5004,7000,0
16916,390000,1,1,1,64,0,0,0,0,0,0,38383,38134,38679,39689,40472,41320,1608,1647,1657,1440,1496,1518,0
16407,360000,2,2,2,37,-1,-1,-1,-1,-1,-1,1066,0,878,1142,926,1401,0,878,1142,926,1401,938,1
20573,30000,1,3,2,28,0,0,0,0,2,2,22634,23638,24689,28809,30052,29057,1385,1440,4560,2001,1,1228,1
16004,230000,2,2,1,37,0,0,0,0,0,0,126251,128542,122493,124743,127507,121400,4500,4600,4389,4697,4800,4000,0
2698,30000,2,3,2,26,0,0,0,0,0,0,28063,29304,28047,26840,28271,28134,1700,1407,1200,2000,2000,1000,0
9301,130000,2,1,2,28,-2,-2,-2,-2,-1,-1,9821,8582,0,0,1170,0,8611,0,0,1170,0,1070,1
6611,130000,2,3,2,27,0,0,0,0,0,0,29645,28193,30790,21200,21810,13629,2000,5000,5000,1000,4000,6587,0
25859,140000,2,2,1,37,-1,-1,-1,-1,-1,-1,326,326,326,1516,326,1439,326,326,1516,326,1439,326,1
10835,270000,1,2,1,52,0,-1,-1,-1,2,-1,18758,4937,2000,9078,5058,6177,4937,2000,9078,0,6177,4600,0
26463,300000,2,2,1,50,-2,-2,-2,-2,-2,-2,882,0,0,0,0,0,0,0,0,0,0,0,0
29125,20000,2,3,2,56,0,0,0,2,0,0,11471,12188,15074,14426,14526,15026,1214,3100,0,500,500,0,0
7381,320000,2,2,1,29,0,0,0,0,0,0,145907,150336,110569,106095,92573,89650,30236,5004,4086,5033,5020,3006,0
9408,160000,1,2,2,28,-2,-2,-2,-2,-2,-2,0,0,0,0,0,0,0,0,0,0,0,0,0
15452,500000,1,1,2,28,0,0,0,0,0,0,59646,49412,48060,51132,49348,40652,43018,3030,10022,3064,3022,2018,0
5343,80000,2,3,1,27,1,2,2,0,0,0,79108,78637,75688,46378,46175,41118,3200,0,1806,2124,1599,1500,0
1603,100000,2,3,2,53,0,0,0,0,0,0,101503,29880,31119,58653,59477,60695,1538,1777,29103,2283,2334,2290,0
6703,200000,2,2,2,30,6,5,4,3,2,0,71310,69676,67976,68468,67439,56163,0,0,2000,0,1925,1130,1
4266,500000,2,1,2,34,-1,0,0,0,0,0,218570,218978,218778,236377,225650,15233,18978,18778,36377,10650,15233,0,0
16337,60000,2,2,1,35,0,0,0,0,0,0,57267,57225,47343,29164,27829,27574,3023,2245,2005,2000,1088,3000,0
5232,50000,1,1,2,25,0,0,0,0,0,0,18595,18326,18814,19189,19233,19108,1310,1297,672,837,836,836,0
13690,110000,1,1,2,25,2,0,0,0,2,0,109887,99030,89317,80674,79311,81246,3500,6748,5700,0,3200,5700,1
18771,50000,2,3,1,26,-1,2,0,0,0,0,6064,5432,6090,6626,6513,6097,0,1136,1062,339,187,364,1
23229,350000,2,1,2,32,-2,-2,-2,-2,-2,-2,384,717,409,0,944,534,717,409,0,944,534,2281,0
19396,140000,2,1,2,32,0,-1,0,0,0,0,10281,32163,20421,19573,11611,0,32172,1476,2140,1000,0,0,0
17120,300000,2,3,2,27,0,0,0,0,0,0,105786,113850,116918,119929,122914,125910,9000,4000,4000,4000,4000,4000,0
12619,150000,2,2,2,38,-1,-1,-1,0,0,0,5219,0,5200,1561,1633,230,0,5200,0,72,460,4487,0
3356,380000,2,2,1,48,0,0,0,0,0,0,363191,373421,363343,290371,289600,288256,15504,14000,12500,12000,11000,14000,0
6296,340000,2,2,2,32,0,0,0,0,0,0,169246,100967,102819,105477,107454,110419,6000,4500,5000,4000,5000,4000,0
28080,150000,2,2,3,48,0,0,0,0,0,-2,3611,5153,6158,4626,0,0,2000,1523,2000,0,0,0,0
2165,360000,2,2,2,35,-1,-1,-1,-1,-1,-1,61793,79467,26943,148307,71373,7406,79651,26943,148307,71373,7406,3021,0
1954,50000,1,1,2,22,0,0,2,0,0,0,47726,51161,48310,50332,47492,50782,5500,0,3000,3000,5000,0,1
15518,50000,1,3,1,41,2,2,2,2,-2,-2,20186,15773,13555,0,0,0,2700,103,0,0,0,0,1
12472,130000,1,1,2,30,0,0,2,0,0,2,127253,135822,127930,127762,134010,133548,12207,0,5000,10100,4500,0,0
21877,50000,2,2,1,26,1,-1,2,2,-2,-2,0,1000,2000,0,0,0,1000,0,0,0,0,0,0
5740,150000,2,3,1,34,0,0,0,0,0,0,112391,98583,95810,87216,88201,87483,5000,4000,4000,3290,3200,3215,0
26562,200000,2,3,1,51,1,-1,-1,-1,-1,-1,-186,846,1350,13524,570,2622,1032,1350,13534,570,2622,1050,0
9507,20000,2,2,2,22,0,0,0,0,0,0,7130,8185,9084,8667,8848,5328,1177,1076,249,258,500,500,0
13375,270000,2,1,1,35,2,0,0,0,0,0,128442,131185,134297,208396,106524,104447,6300,6800,4000,4200,7000,3000,0
26574,320000,2,1,1,58,-2,-2,-2,-2,-2,-2,1100,0,0,0,0,0,0,0,0,0,0,434,0
17371,160000,2,3,2,39,0,0,0,0,0,0,156000,155866,159005,159248,118904,119243,5559,7677,6039,4176,4300,4576,0
5761,30000,2,2,1,38,0,0,0,0,0,0,23819,15367,10159,9859,8360,4101,1553,1033,381,384,404,1297,0
22932,90000,2,2,1,32,0,0,0,0,0,0,39664,24589,22677,20842,20545,20989,1657,1676,1554,805,846,651,0
16295,110000,2,1,1,44,0,0,2,2,2,2,87418,93862,91505,98566,99700,97833,7900,0,8600,3800,0,3700,1
18146,260000,1,2,2,31,0,0,0,0,0,0,3113,3117,2924,2784,2413,902,1300,1100,1000,300,0,1261,0
12483,50000,1,1,2,30,-1,-1,-1,-1,-1,-1,390,390,390,390,390,23269,390,390,390,390,23269,1500,0
23566,320000,2,3,1,33,0,0,0,0,0,2,71047,19161,19829,17692,15648,15255,2000,1300,1600,2500,0,1000,0
29827,100000,1,3,1,49,0,0,0,0,0,0,99721,86232,83745,79107,63811,48863,3500,5000,3000,3000,1732,4700,0
4988,50000,2,2,2,24,0,0,0,0,0,0,26239,17824,17615,17956,18091,18259,1300,5869,1000,795,1000,1000,0
8806,100000,1,2,1,50,0,0,-1,-1,-1,-1,23908,3360,560,480,480,390,1000,560,500,480,390,390,0
833,470000,2,2,1,27,0,0,0,0,-1,0,152478,62084,54551,14363,97440,90717,3001,4005,2021,97441,5001,5001,1
15889,80000,2,2,1,35,0,0,2,2,2,3,63706,66613,69602,70752,74183,72727,5660,4688,2900,5200,0,3000,0
22074,400000,2,2,2,29,0,-1,-1,-1,0,-1,52875,55544,994,5030,4568,500,55544,994,5030,0,500,150,0
23834,80000,2,3,1,50,2,3,2,2,2,0,2684,2502,2321,4247,3914,3242,0,0,2001,4,1073,23076,0
13607,70000,1,2,2,38,0,0,0,-1,0,0,71586,59856,15379,2985,29351,29977,1308,15006,3000,29100,1100,1100,0
5605,70000,1,2,2,29,0,0,0,2,0,0,56626,58512,61926,60332,61658,65561,2800,5000,0,2300,4950,2700,1
21507,280000,2,2,1,38,0,0,0,0,0,-1,8868,14766,16272,10496,6876,34574,10006,10018,7011,6000,37000,10000,0
19501,150000,2,1,1,30,-1,-1,0,0,0,0,107799,16332,13837,15855,9049,3244,16363,10149,10000,7000,0,0,0
8837,150000,2,5,2,27,-2,-2,-1,-1,0,-1,12178,22344,65330,20333,8433,10332,22452,65676,20368,25,10363,4881,0
16379,110000,2,1,1,42,0,0,0,0,0,0,47021,48235,49455,51132,52183,53192,2000,2000,2500,2500,2000,3000,0
27498,500000,1,3,1,53,-1,2,2,-2,-1,-1,5008,546,-4,-4,1319,2977,1,0,0,1323,3000,8,0
12894,320000,2,2,1,39,0,0,0,0,0,0,147440,137938,131816,120761,120375,120897,5009,6125,4001,4013,5000,4015,0
17507,350000,2,2,1,36,1,-2,-2,-2,-1,0,0,0,0,0,11525,11760,0,0,0,11525,235,2270,0
22433,120000,2,3,1,47,-2,-2,-2,-2,-2,-2,0,0,0,0,0,0,0,0,0,0,0,0,0
2105,250000,1,1,1,71,0,0,0,0,0,0,177484,177946,159849,145461,141487,147705,6243,5446,4721,4385,7805,200,0
6879,100000,1,2,1,52,0,0,0,0,0,0,64358,64956,66816,36448,37481,37684,2416,3000,1500,2000,1360,1500,0
6509,500000,2,2,2,36,0,0,0,0,-2,-1,21368,21094,12675,5803,5841,2227,4066,5004,28,2033,3130,94593,0
10563,190000,1,2,1,36,0,0,0,0,0,0,79584,83108,82179,80874,81720,87685,7007,2912,2871,3501,8001,3234,0
483,70000,2,2,2,28,0,0,0,0,-1,2,41264,41799,37887,37876,6736,4162,2112,1200,758,6736,0,0,0
11601,150000,1,3,2,25,-1,-1,-1,0,0,-1,9240,386,12870,11173,1719,413,386,12884,251,39,414,6556,0
28250,150000,2,1,1,33,1,-1,-1,-1,0,0,-3,350,0,863,863,0,353,0,863,0,0,0,0
9356,330000,2,2,1,42,0,0,0,0,0,0,18516,24202,32912,36710,40442,42283,10000,10000,5000,5000,5000,5000,0
27233,260000,1,1,1,43,-1,-1,-2,-2,-1,-1,1350,0,0,0,760,0,0,0,0,760,0,935,0
8830,240000,2,1,2,35,-2,-2,-2,-2,-2,-2,0,0,0,2429,0,799,0,0,2429,0,799,17125,0
24940,300000,1,2,1,39,0,0,0,0,0,0,127237,114506,115420,118149,110223,110449,4100,4600,7384,3500,3900,4500,0
21976,170000,2,2,2,24,0,0,0,0,0,0,169398,143539,125642,48926,23381,24492,5679,6642,8926,3381,4000,2983,0
267,10000,1,3,2,23,0,0,0,0,0,2,6974,7838,9002,9182,9729,9411,1134,1298,478,847,0,175,0
15850,110000,2,1,1,28,0,0,0,0,0,2,109474,110723,111125,106828,84729,82910,11602,4238,4316,11190,0,3000,0
6532,160000,1,2,2,28,-1,2,-1,-1,-2,-1,3498,3260,678,0,0,678,0,678,0,0,678,0,0
18817,420000,2,2,2,29,0,0,0,0,-1,0,82235,67757,53524,-8318,96795,81523,3000,3000,182,123000,2740,2200,0
20469,50000,1,1,2,26,0,0,0,0,0,0,29021,28408,29117,28764,28390,29443,1768,1477,1444,1100,1500,1100,0
12324,140000,1,3,2,26,0,0,0,0,0,0,18648,19561,13902,14183,13207,12996,1309,1139,420,418,816,0,0
20811,240000,1,1,2,47,2,2,-2,-2,-2,-2,2500,0,0,0,0,0,0,0,0,0,0,0,1
8973,80000,2,1,2,26,0,0,0,0,0,0,78128,71083,58715,39389,12012,2900,3362,1389,889,900,58,0,1
11294,120000,2,1,2,33,2,0,0,0,0,0,18653,19844,20908,21560,22214,22845,1500,1400,1000,1000,1000,2000,1
12389,450000,2,2,1,37,-1,-1,-1,-1,-1,-1,1212,791,2663,783,1730,-51443,1032,2663,783,1730,0,70803,1
17205,70000,1,2,2,29,-2,-2,-2,-2,-2,-2,-8187,-17810,-595,7462,9390,5183,0,100104,10000,15000,10000,20000,0
10960,120000,2,2,1,28,0,0,0,0,0,0,96833,78920,74310,75710,77503,73945,3000,5000,3000,3000,4000,1500,0
4838,80000,1,2,1,33,0,0,0,0,0,0,22064,22338,23352,23301,23900,24965,1700,1700,1000,1500,2000,2000,0
20521,150000,1,2,2,32,1,2,0,0,0,0,127399,124835,127259,129115,131820,124322,0,5000,3500,3557,5929,23,1
23950,20000,1,3,2,24,1,3,2,0,0,3,14665,14146,13634,14401,16257,15713,0,0,1300,2101,0,0,1
6958,120000,2,2,2,24,2,0,0,0,0,0,67714,51385,35160,13425,8517,6174,2102,1021,274,3001,1004,4005,1
13863,180000,2,2,2,26,-1,-1,-1,0,-1,-1,390,390,5248,4167,780,467,390,5248,5,780,467,3513,0
18279,170000,1,2,1,59,2,2,2,2,2,2,44619,45386,46365,47304,47727,49315,1800,2000,2000,1500,2500,0,1
27432,230000,1,2,1,41,0,0,0,0,0,0,301038,305327,213058,216260,215968,174195,9405,7769,7757,8030,6549,5226,1
17768,320000,2,3,2,53,0,0,0,0,0,0,188373,281060,261698,265703,175925,188982,276698,11020,11000,9486,20000,10000,0
9983,30000,2,2,1,54,-1,-1,-1,-1,-1,-1,3334,3366,890,2662,1542,-2695,3366,890,2662,1542,0,6000,0
23178,30000,2,3,1,46,0,0,0,0,0,0,29003,28544,27177,28630,25087,25342,1500,2000,2390,1000,1000,2000,0
9587,120000,1,1,2,29,0,0,0,0,0,0,118303,98232,150952,77639,79966,61248,3358,3400,6000,3200,4000,845,1
10112,60000,1,1,2,28,1,-1,0,0,2,2,0,3132,3144,3638,3436,22219,3132,1053,547,0,19000,0,1
16872,30000,1,3,2,31,1,3,2,0,0,0,31405,30588,26860,21165,21281,22938,0,0,1646,762,2000,0,1
21212,250000,1,2,1,45,0,0,0,0,0,0,142001,135291,138084,100574,40066,38765,5084,6399,5000,2000,1615,2000,0
18982,220000,2,2,2,32,0,0,0,0,0,0,150393,48060,30490,44071,55405,63422,2349,3008,20000,20004,20000,2000,0
12513,140000,2,1,1,34,1,-2,-2,-2,-2,-1,0,401,3930,3951,0,12555,401,3930,3951,0,12555,0,0
4313,200000,2,1,2,32,-1,-1,-1,-1,0,0,3450,12113,16152,19443,19189,13947,12174,16239,19446,529,400,277,0
20520,50000,1,1,2,26,0,0,0,0,0,0,43226,19278,18403,19369,20094,17934,1300,1300,1300,1000,1000,1000,0
29971,360000,1,1,1,34,-1,-1,-1,0,0,-1,33654,52686,64069,49005,8676,19487,52951,64535,8907,53,19584,16080,0
25121,350000,1,1,1,50,0,0,0,0,0,0,93676,91832,88719,87968,84596,82785,3240,5006,4014,3010,3043,5003,0
18929,90000,2,1,2,29,2,2,2,0,0,0,7052,9370,9078,10267,10350,10564,2605,0,1500,550,529,531,1
15731,170000,1,1,1,51,-1,-1,-1,-1,-1,-1,316,316,316,316,316,316,316,316,316,316,316,316,0
22019,80000,2,2,2,27,0,0,0,0,0,0,83120,51347,44878,42108,28316,29523,1764,1906,2000,2000,2000,2000,0
4112,280000,2,2,1,45,1,-2,-1,-1,-2,-2,0,0,3288,0,0,0,0,3288,0,0,0,2942,0
26915,150000,1,2,1,36,2,2,2,2,2,2,47529,40605,39394,37686,38810,31548,17,3105,2,2020,36,1048,1
16717,430000,1,2,2,29,-2,-2,-2,-2,-2,-2,1442,3058,0,980,0,0,3058,0,980,0,0,1030,0
184,60000,2,2,1,24,0,0,0,0,0,0,58024,57891,48839,18971,19323,19395,2500,1600,3000,1000,737,2000,1
196,50000,2,1,2,24,1,2,2,2,2,2,36166,37188,37680,38462,39228,40035,1900,1400,1700,1532,1600,0,1
1043,110000,2,2,1,42,0,0,0,0,0,0,55349,52914,49483,49292,49460,49470,2096,2003,1802,1783,1783,1756,0
7216,30000,2,2,1,56,2,2,2,2,3,2,26008,27091,27648,29297,28544,29125,1800,1300,2400,0,1200,2500,1
27766,80000,2,2,2,25,-2,-2,-2,-2,-2,-2,0,0,0,0,0,0,0,0,0,0,0,0,0
27343,500000,1,1,2,37,0,0,0,0,0,0,50140,45984,44584,25402,21140,16072,1862,1593,1538,835,451,553,0
28556,420000,2,2,1,38,0,-1,-1,-1,-1,-1,56107,53309,-11,51555,2093,5773,53400,0,51566,2093,5773,2984,0
16893,90000,1,2,2,38,0,0,0,0,0,0,17621,18718,19809,20874,21228,21736,1700,1700,1700,1000,1000,1000,0
29685,280000,1,1,2,32,-2,-2,-2,-2,-2,-2,3981,1350,3735,13956,5911,1356,1355,3754,14025,12820,1362,5274,0
18804,270000,2,1,2,26,0,0,0,0,0,0,134235,62483,62134,61797,57312,57582,6000,2500,3000,7475,3000,2500,0
294,10000,1,2,2,27,0,0,2,0,0,0,7015,10227,9560,9901,9963,10182,3507,0,500,370,393,700,1
16250,310000,2,1,1,37,-2,-2,-2,-2,-2,-2,123,123,0,123,0,0,123,0,123,0,0,0,0
20518,100000,1,2,2,25,0,0,0,0,0,0,83749,85463,87189,89539,91258,93343,4000,4000,4100,4000,3241,5000,0
2107,50000,1,3,2,28,0,0,0,0,0,0,48963,50381,50287,20406,20206,19690,2500,1293,839,870,940,865,0
8342,300000,1,1,2,29,1,-2,-2,-2,-2,-2,0,0,0,0,0,0,0,0,0,0,0,0,1
103,480000,1,1,1,63,0,0,0,2,2,0,422069,431342,479432,487066,471145,469961,16078,55693,17000,0,18000,24200,0
24121,50000,1,2,2,27,-2,-2,-2,-2,-2,-2,3043,2432,3754,11985,19332,0,2446,3754,12053,19332,0,0,0
12529,250000,2,1,1,37,0,0,0,0,0,0,13504,13486,14261,7019,7062,7242,1267,1310,232,238,279,122,0
6593,500000,1,1,1,45,-2,-2,-2,-2,-2,-2,186610,130751,43890,38759,46834,28408,261524,43919,38787,46834,28408,63001,0
18269,150000,1,1,1,55,1,-1,-1,0,-1,-1,0,780,4639,100940,3284,2090,780,4639,100000,3284,2576,2576,0
15273,380000,2,2,1,44,-1,-1,-2,-1,0,-1,1040,0,0,12500,37811,1500,0,0,12500,25311,1500,5680,0
13460,380000,2,3,2,39,0,0,0,0,0,0,55241,49773,81365,87341,87358,103740,10000,60218,10076,15012,20667,15000,0
28473,70000,2,3,1,37,0,0,0,0,0,0,48684,49628,53163,49953,32535,27715,1785,7320,1700,1200,1400,2,0
7641,230000,1,1,2,32,-2,-2,-2,-2,-2,-2,2785,3943,3126,3126,500,500,1223,1000,0,0,0,0,0
11076,50000,1,3,3,45,-1,0,-1,-1,-1,-1,24077,22385,3000,5260,1025,5900,1000,3008,5260,1025,5900,2800,0
18693,130000,2,2,3,25,-1,2,2,-2,-1,-1,3148,1574,0,0,12677,30582,5,0,0,12677,30582,0,1
10590,50000,1,2,2,28,0,0,0,0,0,0,35277,34627,35096,9657,9617,9404,1800,1600,500,500,341,500,1
12457,370000,2,3,1,37,-2,-2,-2,-2,-2,-2,0,0,0,0,0,0,0,0,0,0,0,0,1
21401,220000,2,1,2,27,-1,-1,2,-1,-1,0,375,750,375,375,750,375,750,0,375,750,0,420,0
27899,130000,2,3,2,28,1,-1,-1,-1,-1,-1,0,14051,0,1358,1039,164,14051,0,1358,1039,164,167,0
13899,80000,2,1,2,23,0,0,0,0,0,0,69584,66342,60514,48965,29648,28737,2519,1838,1434,1015,1505,663,0
13207,260000,2,2,1,40,-1,-1,-1,-1,-1,-1,148,359,397,208,790,2788,360,398,208,792,2788,3675,0
12025,90000,2,2,2,28,2,0,0,0,2,0,48177,49563,47750,47169,46284,47519,2500,2500,3700,0,2200,1800,1
9651,70000,1,2,2,24,3,2,2,2,2,2,63000,64397,65253,63609,68397,69605,3000,2500,0,6000,2500,2700,1
27115,110000,1,1,2,33,0,0,0,0,0,0,9495,12633,88334,53978,23687,26567,4018,80004,1500,12013,7000,2000,0
22791,20000,2,1,2,36,-2,-2,-2,-2,-2,-2,223,0,0,0,0,0,0,0,0,0,0,0,0
6408,90000,2,3,1,35,2,2,2,0,0,0,35077,37557,29355,20046,14905,15075,3407,56,603,553,430,133,0
21916,190000,2,2,2,28,0,0,0,0,0,2,188370,188550,187521,190448,195492,190598,8700,8500,9270,14100,0,7200,0
3060,180000,1,1,2,26,0,0,0,-1,-1,-1,24464,25332,11991,4394,200,200,1573,3007,4394,200,200,200,0
14572,30000,2,3,1,53,0,0,0,0,-1,0,30587,29462,28068,23362,29837,30357,1700,1288,982,32000,2000,1436,0
17397,210000,2,1,2,32,-2,-2,-2,-2,-2,-2,19959,1592,-2,560,6190,243,1603,0,562,6196,243,4061,0
6691,150000,2,3,2,47,0,0,0,0,0,0,153720,150540,153103,152060,151470,151974,7000,7000,5200,5500,6300,5100,0
6262,240000,2,1,2,28,0,0,0,0,0,0,209848,214477,218142,195913,197823,189111,10000,9000,7000,7000,6625,7000,0
9693,360000,1,1,2,35,-2,-2,-2,-2,-2,-2,1533,-12,2493,-6,1299,-2,24,2505,0,1305,0,0,1
12663,50000,1,2,1,38,0,0,0,0,0,0,50748,48626,20712,17834,18248,19390,1500,1200,2500,618,4000,3000,0
2408,420000,1,2,2,31,2,2,0,0,2,0,239293,90568,88997,93971,92203,93059,0,3500,6600,0,4000,3000,1
5954,120000,2,1,2,27,1,-2,-2,-2,-2,-2,0,0,0,0,0,0,0,0,0,0,0,0,1
21345,130000,1,3,2,56,0,0,0,0,0,0,33928,35356,36782,31309,32480,33953,2000,2000,2000,2000,2000,3000,0
18610,80000,2,1,2,25,3,2,2,2,2,2,45031,47087,48833,47750,50950,51984,3100,2800,0,4000,2000,2000,1
22251,60000,2,2,2,25,0,0,0,0,0,0,7885,9244,11082,12133,16891,17615,1500,2000,1242,5000,1000,700,1
10818,160000,2,2,2,32,2,2,2,2,-1,0,400,400,400,0,20818,20818,0,0,0,20818,0,0,0
23686,60000,2,3,1,63,0,0,0,0,0,0,59471,59021,49580,38140,29843,27719,2400,1940,1477,1025,1006,1261,0
11946,230000,1,2,2,28,-1,-1,-1,-1,-1,-1,651,651,651,0,651,1496,651,651,0,651,1496,1953,0
24823,180000,1,1,2,31,-2,-2,-2,-2,-2,-2,3580,0,0,0,7108,1300,0,0,0,7108,1300,0,0
7120,100000,2,2,1,35,-1,-1,-1,0,0,-1,29048,0,4069,37069,20233,22227,0,4069,33000,20000,22227,20000,0
26522,70000,2,3,1,52,-1,-1,-1,0,0,0,1000,1098,28229,28046,24446,22151,1098,30005,1350,800,750,780,0
26230,180000,2,2,2,44,0,0,0,0,0,0,23611,24651,25631,23609,24529,25095,1436,1416,2150,1500,1000,1000,0
23314,220000,2,1,2,31,-1,-1,-2,-2,-2,-1,232,0,0,0,0,500,0,0,0,0,500,0,0
21966,300000,2,2,2,28,0,0,0,0,0,0,327724,325970,325020,319750,265136,262378,11250,11877,10487,7831,8092,7634,0
7161,60000,1,1,2,24,0,0,0,0,0,0,20873,22228,22691,22816,26587,22917,2000,1246,720,4780,1700,4000,0
17638,290000,2,1,2,29,0,0,0,0,0,0,10370,5681,7124,8038,4029,6059,1400,1507,2580,2050,2030,0,0
16665,480000,1,1,1,47,-1,-1,-1,-1,0,0,10668,-2,454,150198,143388,157758,0,456,150244,2915,24550,100,0
4775,80000,2,2,1,42,2,2,2,2,2,2,45691,46662,47595,48312,49392,50426,2000,2000,1800,2000,2000,1900,1
10663,70000,1,1,2,40,2,2,0,0,0,2,45740,44727,45738,48977,52191,53242,0,1750,4000,4000,2060,2200,1
3552,500000,1,1,1,46,-1,-1,-1,-1,-1,-1,3580,18785,10742,37171,6192,31453,18785,10742,37171,6192,31453,12333,0
1142,30000,2,1,2,25,0,0,2,0,0,2,19801,20449,19798,20217,21435,19239,3000,0,700,1500,0,323,0
23537,200000,2,1,1,38,-1,-1,-1,-1,-1,-1,4891,28258,14712,5216,6317,6207,28258,14712,5229,6317,6207,5464,0
6908,50000,1,2,2,46,-1,-1,-1,-1,0,0,1540,26060,0,2650,3320,2764,26060,0,3472,2320,1764,2841,0
9535,200000,2,2,2,46,0,0,0,0,0,0,121198,123834,136629,139504,142269,145250,4593,14955,5143,5166,5349,5538,0
11613,80000,2,2,1,42,-2,-2,-2,-2,-2,-2,10593,41217,8815,24012,0,2229,41217,8815,24012,1153,2229,2190,0
20147,50000,2,2,1,42,3,3,2,2,0,0,24225,24046,24574,24348,16130,16467,500,1200,516,566,585,608,1
10809,320000,1,1,2,33,-2,-2,-2,-2,-2,-2,3903,3609,4615,5256,22760,700,3609,4615,5256,22760,700,1992,0
22137,100000,2,2,1,42,-2,-2,-2,-2,-2,-2,2811,1055,8090,5524,4973,1000,1055,8090,5549,4973,1000,1000,0
16330,210000,2,2,1,43,0,0,0,0,0,0,190693,169931,173389,154440,155592,116249,7000,7000,10005,6193,4231,5000,0
3287,180000,2,1,2,47,1,-2,-1,-1,-2,-1,-6,-6,1251,0,0,679,0,1257,0,0,679,421,0
20257,30000,2,3,2,58,0,0,0,0,0,0,24874,25961,27534,27670,28717,28786,1500,2000,1500,1500,1100,1300,0
14820,320000,1,2,2,36,0,0,2,0,0,0,289508,302561,283356,275361,268871,256974,21041,1514,9122,9518,9209,10213,0
5572,100000,2,2,1,30,2,2,2,2,2,2,29778,30678,31154,31625,31059,33123,1600,1200,1200,0,2500,1300,1
1459,90000,2,3,2,24,-1,-1,-1,-1,-1,-2,595,207,18189,557,0,0,207,18281,557,0,0,0,1
4015,110000,2,2,2,33,0,0,0,0,0,0,107028,106818,108730,112035,48492,43413,4000,3783,6488,4850,2000,6446,0
2544,230000,2,2,1,34,-2,-2,-2,-2,-2,-2,2329,1894,2528,1865,1496,1873,1894,2532,1865,1496,1873,0,0
27993,270000,2,2,2,29,-1,-1,-1,-1,0,0,88996,17142,18118,147189,170268,170268,17142,18118,147500,60000,15000,58354,0
1301,60000,1,3,2,36,3,2,0,0,0,0,56807,55339,55751,37851,34195,33499,0,2141,2000,2000,2000,2000,0
16086,30000,2,3,1,28,0,0,0,0,0,0,16162,13301,12930,13233,12595,12454,2000,1307,2000,252,249,100,1
5192,50000,1,2,1,41,-1,-1,-1,0,-1,-1,390,390,780,390,390,390,390,780,0,390,390,1170,1
7496,80000,2,3,2,53,-2,-2,-2,-2,-2,-2,5687,0,0,19230,0,0,0,0,19230,0,0,0,0
1367,260000,2,4,2,42,-1,-1,-1,-1,-1,-1,399,2101,577,0,200,0,2101,577,0,200,0,664,0
14711,150000,2,2,2,33,-2,-2,-2,-2,-2,-2,6806,2774,0,500,399,0,2779,0,500,399,0,0,0
20755,20000,1,3,1,40,0,0,2,3,2,2,13370,16326,17963,17386,16809,18137,3200,2200,0,0,1600,900,1
7227,130000,1,1,1,45,0,0,0,0,0,0,58180,59134,61156,62377,63832,65099,2886,2908,2129,2354,2366,2291,0
27858,20000,2,2,2,23,3,2,2,2,2,2,12508,12015,14459,14498,14029,15179,0,2955,597,0,1473,0,1
7937,170000,2,1,2,29,-2,-2,-2,-1,0,0,0,0,0,10232,9677,0,0,0,10232,194,0,0,0
21352,200000,1,3,1,60,0,0,0,2,2,2,135775,136946,142735,149574,151108,142190,4916,8011,10800,5411,0,4959,0
7106,50000,1,3,2,47,0,0,0,0,0,0,48593,48653,15433,15037,10527,10736,1278,1469,463,381,383,398,0
20015,360000,2,3,2,41,-2,-2,-2,-2,-2,-2,3578,3658,3578,3578,3578,4268,3658,3578,3578,3578,4268,3578,0
27109,210000,1,3,1,49,0,0,0,0,0,0,27984,27686,29209,28326,26198,25020,1500,2000,1500,1000,1500,1300,0
8158,100000,1,1,2,28,0,0,0,0,0,0,97032,99895,26333,28110,2226,0,5341,7009,1777,2000,0,0,0
5597,400000,2,1,2,48,-1,-1,-1,0,0,-1,24478,10841,53336,25017,16039,38994,10846,53383,16044,0,39727,0,0
17956,50000,1,3,2,41,0,0,0,0,0,0,43383,43397,43395,42334,12316,9997,1992,2251,1451,540,503,430,0
28972,150000,2,2,2,31,1,2,2,2,0,0,22723,22060,25195,24497,24791,25462,0,3500,0,1000,1071,950,0
15576,110000,1,2,2,55,0,0,0,0,2,0,51716,113395,111693,115073,111811,111719,65668,4267,9455,0,3991,8071,1
15204,180000,2,1,2,26,-2,-2,-2,-2,-2,-2,100,100,100,100,100,100,100,100,100,100,100,100,0
8850,100000,2,3,2,56,0,0,0,0,0,0,70048,67942,45591,39764,33091,34265,2200,1505,1300,1210,3000,2000,0
26536,30000,2,2,1,51,1,2,3,2,2,0,16490,18908,18321,19618,19008,19301,3000,0,1900,0,750,750,1
24394,220000,1,1,1,49,-1,-1,-1,-1,-1,-1,1410,580,1386,-14,6160,1307,580,1386,0,6174,1307,1341,0
23469,50000,2,2,1,39,1,2,2,2,2,2,16983,16413,21128,20492,30079,29460,0,5000,0,10000,0,10000,1
5459,180000,1,2,2,38,2,2,0,0,0,-2,21564,20939,22182,12382,-18,-18,0,2100,200,0,0,0,1
14372,20000,2,2,1,39,0,0,2,2,2,-1,20246,36350,18910,33500,-15306,20000,3000,3000,290,5000,35306,0,0
7343,20000,2,1,3,51,-1,-1,-1,-1,-1,-1,3680,0,543,780,2500,0,0,543,780,2500,0,0,0
17974,30000,1,1,2,33,4,3,2,2,2,2,22303,21657,21022,23661,22983,25607,0,0,3000,0,3000,0,1
7871,200000,1,1,2,26,-1,-1,-2,-2,-2,-2,299,-201,-201,-201,-201,-201,0,0,0,0,0,0,0
25556,70000,2,2,2,42,1,2,0,0,0,0,70803,67344,59018,48033,48833,49736,10,2200,2100,1900,1841,1945,0
2978,300000,1,1,2,25,0,0,0,0,0,0,76918,41773,31180,19507,18169,18533,4103,1427,600,1200,2500,18000,0
25850,80000,2,2,2,38,-1,-1,-1,0,0,0,390,390,3529,13207,13110,13116,390,3529,10207,500,600,3000,0
10595,310000,2,1,1,34,-1,-1,-1,0,-1,-1,455,455,1415,883,883,1033,455,1415,0,883,1033,883,1
23822,60000,2,3,1,50,2,0,0,0,0,0,61349,61600,61952,60661,29095,17636,2900,3300,2000,900,889,21500,1
9191,60000,2,2,1,24,3,2,2,2,0,0,33866,33041,35284,31602,32221,30208,0,2900,0,1200,1409,1115,1
19332,20000,2,3,1,35,0,0,0,-1,-1,-1,17008,17922,18421,7032,0,1000,1501,1000,7200,0,1000,2017,0
2144,20000,1,3,1,41,2,0,0,0,0,0,18738,18986,20110,19584,16539,19466,1376,1500,593,2701,4261,941,1
15909,50000,2,2,1,32,0,0,0,0,0,0,49330,49547,49740,50275,20089,19964,2150,2100,2097,1289,712,713,0
22005,240000,2,1,2,26,-1,0,-1,-1,-1,-1,28700,21944,12450,27255,6280,7619,1639,12450,28969,6280,7619,3000,0
6845,120000,2,1,2,29,0,0,0,0,0,0,110488,107488,97021,86283,87345,81666,4000,5000,3000,3300,3010,3000,0
1861,20000,2,2,2,24,1,-2,-2,-2,-1,-1,0,0,0,0,222,6345,0,0,0,222,6345,2000,0
7859,200000,1,2,2,30,-1,-1,-1,-1,-1,-1,416,416,416,416,416,0,416,416,416,416,0,832,0
16131,50000,2,3,2,45,0,0,-1,0,-1,-1,10723,9872,658,1473,1473,1473,1000,658,1000,1473,1473,540,0
11888,360000,2,1,1,35,1,-1,2,0,0,0,0,2819,2600,2800,2800,0,2819,0,200,0,0,0,0
6117,170000,2,2,1,37,1,-2,-2,-2,-2,-2,0,0,0,0,0,0,0,0,0,0,0,0,0
3630,120000,1,3,1,38,0,0,0,0,0,0,40538,41870,58882,59862,51172,52533,1988,18000,1857,1723,2075,1500,0
12480,60000,2,2,1,37,0,0,0,0,0,0,60655,60281,59968,40377,40679,40493,2410,2203,1500,1600,1500,1400,0
7600,360000,2,2,1,56,0,0,0,0,0,0,500090,477461,455591,430313,406010,377820,15900,16489,14128,13210,10442,9500,0
28986,180000,2,2,2,35,1,-2,-2,-1,-1,-2,0,0,0,900,0,0,0,0,900,0,0,0,0
24264,400000,1,2,2,29,0,0,0,0,0,0,237425,242225,246475,252429,257510,262931,8600,8000,9000,8200,8500,8500,1
11216,360000,2,1,2,35,0,0,-1,0,0,-2,6392,3773,17917,21057,0,0,3000,18117,5371,0,0,0,0
10091,200000,2,2,2,26,0,0,0,0,0,0,116070,111996,88327,73717,56921,48160,5096,2700,4017,7921,10160,5594,0
11894,50000,2,3,2,54,0,0,0,0,0,0,22136,23165,24178,24659,25175,25832,1388,1401,882,913,1075,782,0
17294,50000,2,2,1,44,0,0,0,0,-2,-2,13226,14470,15000,0,0,0,1470,1000,0,0,0,0,0
29485,400000,1,2,1,38,-1,-1,-1,0,-1,-1,3380,3395,5856,6401,389,21447,3411,8863,1032,390,21448,1001,0
1197,80000,2,2,1,45,0,0,0,0,0,0,81841,74516,69485,30396,30595,29033,4100,2507,2140,2000,1500,1000,0
3807,20000,1,2,2,26,0,0,0,0,0,0,4491,5906,7298,8515,9869,11196,1500,1500,1500,1500,1500,1500,0
10822,160000,1,2,2,30,1,-2,-2,-2,-2,-2,0,0,0,0,0,0,0,0,0,0,0,679,0
23663,70000,2,3,1,48,2,2,2,2,2,2,62775,64139,65516,65945,66267,68549,3000,3000,2100,2000,3500,800,1
13205,400000,1,2,2,35,0,0,-2,-1,0,0,11052,0,0,53826,55061,71541,0,0,53826,1642,20000,1256,0
27080,240000,1,2,1,34,0,0,0,0,0,0,194548,198522,206312,205804,122740,137740,7200,11000,6000,3000,15000,45,0
15367,280000,2,1,2,29,0,0,0,0,0,0,15801,9982,9909,10420,10142,10329,1200,1200,1200,1000,350,300,0
1252,200000,2,1,2,29,0,0,-1,0,0,-2,65935,25574,28727,19164,0,0,1011,31209,383,0,0,0,1
24973,50000,1,1,1,37,0,0,0,-2,-2,-2,29294,30400,0,0,0,0,2000,500,0,0,0,0,0
4389,160000,2,1,1,29,0,0,-1,-1,0,0,50989,25227,26666,839,26516,-150,1695,28800,839,26500,0,0,0
1746,50000,2,1,2,22,0,0,0,0,0,0,49459,49281,50071,10104,9208,10075,2300,2000,1000,500,1000,500,0
17404,70000,2,2,1,41,0,0,0,2,0,0,68953,68908,68799,65250,53934,54149,3000,3810,2010,2054,2000,1872,0
23175,390000,2,2,2,45,0,0,0,0,0,0,60082,58694,61735,63337,59693,62776,5000,5000,5000,4000,4000,4000,0
24420,260000,1,1,1,34,-2,-2,-2,-2,-2,-2,-40,-40,-40,8117,-8,-8,0,0,8157,0,0,1673,0
18436,320000,2,1,2,25,0,0,0,0,0,0,179893,183466,187397,187999,191388,40940,6558,7254,4308,4274,1296,1017,0
27764,50000,2,2,2,24,0,0,0,0,-2,-2,30344,47000,33034,0,0,0,20002,1000,0,0,0,0,0
26290,230000,2,2,1,43,0,0,0,0,0,0,41435,42106,43532,44504,44267,45564,1674,3000,2011,1574,2000,2000,0
11844,200000,2,1,1,32,-1,0,0,0,0,0,10760,11945,14562,22457,15569,9819,2000,5000,10000,5000,602,10000,0
23204,440000,2,2,1,44,0,0,0,-2,-2,-2,70548,42651,0,27549,77349,10456,20000,0,27549,50000,18956,9307,0
8286,30000,1,2,1,25,-1,-1,-2,-1,2,2,30527,29910,0,25919,26383,25691,1389,0,25919,1000,0,19283,0
13799,210000,2,1,1,35,-1,-1,-2,-2,-2,-2,3805,0,0,0,0,0,0,0,0,0,0,0,0
15057,20000,1,3,2,40,1,3,2,0,0,0,9080,8790,8505,9557,10395,11227,0,0,1200,1000,1000,1000,0
28884,300000,2,2,1,40,1,-2,-2,-2,-1,-1,0,0,0,0,280,0,0,0,0,280,0,0,0
930,200000,1,1,1,34,-2,-2,-2,-2,-2,-2,1242,4006,941,2357,2945,1143,4034,945,2366,2947,1143,744,0
3544,140000,1,1,1,41,0,0,0,0,0,0,19853,22525,25141,29701,34197,38615,3000,3000,5000,5000,5000,3000,0
12913,50000,2,2,2,29,1,2,2,2,0,0,46376,45354,49086,48027,49037,48032,0,4500,0,1751,1736,2971,1
528,620000,2,2,1,45,2,2,0,0,0,0,160837,156839,160440,163781,167159,170894,0,6200,6000,6000,6500,6000,1
23577,280000,2,1,1,39,-2,-2,-2,-2,-2,-2,1397,0,136,0,0,350,0,136,0,0,350,297,0
620,200000,2,2,1,39,0,0,0,0,0,0,80833,79100,70764,71629,70805,70718,3315,3088,2572,2559,2526,2620,0
8928,30000,2,1,2,27,-2,-2,-2,-2,-2,-2,1784,6801,2118,4171,1714,2001,6855,2118,4171,1714,2001,0,0
8233,50000,1,2,1,53,-1,-1,-1,-1,-1,-1,493,493,493,493,493,493,493,493,493,493,493,493,0
27218,10000,1,3,2,42,1,2,2,2,0,0,8090,6339,8623,5885,4417,5190,0,2586,0,1000,1000,345,1
15279,430000,2,2,1,47,-1,-1,-1,-1,-1,-1,1343,909,5271,757,157,157,909,5319,757,157,157,5989,0
10639,310000,2,2,2,24,0,0,0,0,0,0,203519,182513,161002,139275,120762,102598,6373,5600,5000,4500,3500,2816,0
15221,140000,2,2,1,31,1,-2,-1,-1,-2,-2,-53,-53,1117,0,0,0,0,1170,0,0,0,278,0
3118,110000,2,1,2,27,0,0,0,0,0,0,113461,112026,111792,111936,112030,111975,4251,4218,4167,4238,4181,4246,0
16048,20000,2,2,2,26,1,2,2,0,0,0,19725,17368,16801,17789,17419,17628,1293,0,1281,771,640,790,0
25695,500000,2,1,2,26,-1,-1,-1,-1,-1,0,1419,1293,1111,1175,3162,1638,1293,1111,1175,3162,33,2000,0
26817,260000,1,1,2,29,-1,-1,-1,-1,-1,0,2335,1432,718,500,5306,2091,1432,718,500,5306,0,770,0
5851,200000,1,1,2,28,0,-1,2,2,-1,-1,7464,22182,10373,2669,1024,170722,22182,7,0,6177,180722,5000,0
18632,110000,2,2,2,26,-1,-1,-1,-1,-1,0,1687,400,300,922,3509,1979,400,300,922,3509,0,5192,1
2506,200000,1,2,1,44,-1,-1,2,0,0,-1,780,390,1170,780,0,390,390,780,0,0,390,780,0
26090,220000,2,1,1,39,-1,-1,-1,-1,-1,-1,2342,1120,5707,2021,15441,7661,1122,5738,2041,15516,7697,2916,0
20029,210000,2,1,1,43,1,-2,-2,-2,-2,-2,0,0,0,0,0,0,0,0,0,0,0,0,1
24854,500000,1,2,1,42,-1,-1,-1,-1,-1,-1,17360,13170,10697,19757,5158,43859,13222,10758,19883,5180,44064,41450,0
3330,320000,2,2,1,35,0,0,0,2,0,0,4050,4914,6630,6393,9721,10584,1073,1789,0,3425,1000,3425,0
24562,70000,1,2,2,31,0,0,0,0,0,0,101284,71451,66937,38521,34149,38819,2864,2501,1417,1500,5050,1279,0
18341,10000,2,1,1,23,0,0,0,0,0,0,7641,8557,9080,1410,9508,8997,1262,1000,1115,9329,331,1000,0
21631,280000,2,2,2,25,1,2,-1,-1,-1,-1,6714,4526,3868,389,389,384,22,4277,390,390,385,166196,0
5544,80000,1,3,2,24,1,-1,-1,-1,-1,-1,0,832,416,416,416,416,1248,416,416,416,416,416,0
22332,390000,2,1,2,30,0,0,0,0,0,0,7650,8500,4090,8342,7611,8018,3031,2010,6500,2000,1000,1000,0
19273,360000,2,1,2,32,0,0,0,0,0,0,290543,118479,112746,102611,92290,51489,7288,6079,6091,6227,5055,27486,0
17774,100000,2,3,1,58,0,0,0,0,0,0,96821,98389,97831,93937,78063,79707,3589,3656,3677,2763,2787,2881,0
18795,230000,2,1,2,29,0,0,0,0,0,0,33988,32803,32166,79780,58886,42295,2500,3007,51780,2025,1560,747,0
11620,50000,1,2,1,49,0,0,0,-1,-1,-1,46693,14453,6701,3581,0,6000,1158,1010,3581,0,6000,3261,0
7219,290000,2,1,2,32,-2,-2,-2,-2,-1,0,0,5743,8809,0,7241,10289,5743,5000,0,7241,5000,5000,0
27462,300000,1,2,1,46,-1,-1,-1,-2,-1,0,1413,15393,-10,-10,7805,5738,15480,0,0,7815,28,6554,0
22736,60000,2,1,1,38,-1,-1,-1,-1,-1,-1,6842,15772,23011,9941,12688,8719,15772,23011,9941,12688,8958,6484,0
27608,140000,2,3,2,26,0,0,0,0,0,0,93384,93443,57219,57621,48323,45082,3514,3000,2000,2000,1636,1686,0
18208,160000,1,1,2,34,-2,-2,-2,-1,-1,-2,0,150,1397,690,0,0,150,1397,690,0,0,0,0
28534,120000,2,2,1,31,1,2,2,2,0,0,21134,20502,24832,24135,28723,31258,0,5000,0,5000,3000,0,1
15444,80000,1,3,2,28,1,2,2,0,0,0,38151,39227,38318,42614,86966,41950,2000,0,5000,1500,1500,7000,1
22582,240000,2,1,2,37,-2,-2,-2,-2,-2,-2,660,31187,1280,7623,0,11353,31187,1280,7643,0,11353,2576,0
